group,item.item_id,item.item_weight,item.item_amount
掉落物品组,道具id,权重,数量
int,int,int,int
1001,10310001,100,1
1001,10510001,100,1
1001,10910001,100,1
1001,11110001,100,1
1001,11510002,100,1
1001,11510003,100,1
1001,11510004,100,1
1001,12310007,100,1
1001,12310010,100,1
1001,12310014,100,1
1001,12310017,100,1
1001,12510007,100,1
1001,12510009,100,1
1001,12510017,100,1
1001,12510019,100,1
1001,12610002,100,1
1001,12610003,100,1
1001,12610006,100,1
1001,12610011,100,1
1001,12610026,100,1
1001,10710001,100,1
1001,10710002,100,1
1001,10910002,100,1
1001,10910003,100,1
1001,11210002,100,1
1001,12410004,100,1
1001,10210002,100,1
1001,10210003,100,1
1001,10310003,100,1
1001,10510002,100,1
1001,10810003,100,1
1001,10910005,100,1
1001,11010003,100,1
1001,11410002,100,1
1001,11410003,100,1
1001,11510005,100,1
1001,11510006,100,1
1001,10110002,100,1
1001,10210004,100,1
1001,10210005,100,1
1001,10610004,100,1
1001,10610006,100,1
1001,10810006,100,1
1001,10810007,100,1
1001,10910007,100,1
1001,10910008,100,1
1001,10210006,100,1
1001,10410002,100,1
1001,10610007,100,1
1001,10710005,100,1
1001,10810008,100,1
1001,10910009,100,1
1001,10910010,100,1
1001,11010006,100,1
1001,11410006,100,1
1002,10310004,100,1
1002,10210008,100,1
1002,10210009,100,1
1002,10410003,100,1
1002,10410004,100,1
1002,11110005,100,1
1002,11110004,100,1
1002,11110003,100,1
1002,11210003,100,1
1002,11210004,100,1
1002,11510007,100,1
1002,11310001,100,1
1002,11710003,100,1
1002,10610008,100,1
1002,10610009,100,1
1002,11410010,100,1
1002,11410012,100,1
1002,11410011,100,1
1002,11410008,100,1
1002,11010011,100,1
1002,11010009,100,1
1002,11010007,100,1
1002,11010008,100,1
1002,11010010,100,1
1002,10810016,100,1
1002,10810009,100,1
1002,10810014,100,1
1002,10810010,100,1
1002,10810013,100,1
1002,10810012,100,1
1002,10810015,100,1
1002,10810011,100,1
1002,10710007,100,1
1002,10710013,100,1
1002,10710011,100,1
1002,10710010,100,1
1002,10710006,100,1
1002,10710008,100,1
1002,10710009,100,1
1002,10710012,100,1
1002,10910015,100,1
1002,10910013,100,1
1002,10910018,100,1
1002,10910012,100,1
1002,10910011,100,1
1002,10910016,100,1
1002,10910017,100,1
1002,10910014,100,1
1002,12410014,100,1
1002,12410012,100,1
1002,12410013,100,1
1002,12410015,100,1
1002,12410019,100,1
1002,12410018,100,1
1002,12410020,100,1
1002,12410022,100,1
1002,12410016,100,1
1002,12410021,100,1
1002,12410017,100,1
1002,12610001,100,1
1002,12610004,100,1
1002,12610005,100,1
1002,12210002,100,1
1002,12510001,100,1
1002,12510003,100,1
1002,12510002,100,1
1002,12310015,100,1
1002,12310004,100,1
1002,12310011,100,1
1002,12310009,100,1
1002,12310003,100,1
1002,12310012,100,1
1002,12310005,100,1
1002,12310008,100,1
1002,12310006,100,1
1002,12310013,100,1
1002,12010001,100,1
1002,10110005,100,1
1002,10110004,100,1
1002,10310005,100,1
1002,11610002,100,1
1002,10410005,100,1
1002,10510004,100,1
1002,11310003,100,1
1002,10610010,100,1
1002,11410014,100,1
1002,11410013,100,1
1002,11010013,100,1
1002,11010014,100,1
1002,11010012,100,1
1002,10810019,100,1
1002,10810018,100,1
1002,12410027,100,1
1002,12410026,100,1
1002,12410023,100,1
1002,12410025,100,1
1002,12410024,100,1
1002,12610008,100,1
1002,12610013,100,1
1002,12610010,100,1
1002,12610009,100,1
1002,12510005,100,1
1002,12310018,100,1
1002,12310016,100,1
1002,10110006,100,1
1002,10310007,100,1
1002,10310006,100,1
1002,11510008,100,1
1002,11710005,100,1
1002,11710004,100,1
1002,10610011,100,1
1002,11410016,100,1
1002,11410017,100,1
1002,11410015,100,1
1002,11010015,100,1
1002,10810022,100,1
1002,10810021,100,1
1002,10810020,100,1
1002,10810023,100,1
1002,10810024,100,1
1002,10710014,100,1
1002,10910019,100,1
1002,10910021,100,1
1002,12410028,100,1
1002,12410029,100,1
1002,12410031,100,1
1002,12410030,100,1
1002,12610014,100,1
1002,12610015,100,1
1002,12610017,100,1
1002,12510012,100,1
1002,12510010,100,1
1002,12510008,100,1
1002,12310021,100,1
1002,12310022,100,1
1002,12310020,100,1
1002,12310019,100,1
1002,11010025,100,1
1002,12610023,100,1
1002,10110007,100,1
1002,10110009,100,1
1002,10110008,100,1
1002,10310009,100,1
1002,10310010,100,1
1002,10310008,100,1
1002,10210010,100,1
1002,11610003,100,1
1002,11210005,100,1
1002,11510009,100,1
1002,11310005,100,1
1002,11710008,100,1
1002,11710006,100,1
1002,11710007,100,1
1002,10610014,100,1
1002,10610012,100,1
1002,10610013,100,1
1002,11410019,100,1
1002,11410018,100,1
1002,11410020,100,1
1002,11010019,100,1
1002,11010018,100,1
1002,11010017,100,1
1002,10810026,100,1
1002,10810025,100,1
1002,10710016,100,1
1002,10910023,100,1
1002,10910027,100,1
1002,10910022,100,1
1002,10910024,100,1
1002,10910026,100,1
1002,10910025,100,1
1002,12410041,100,1
1002,12410034,100,1
1002,12410035,100,1
1002,12410036,100,1
1002,12410040,100,1
1002,12410043,100,1
1002,12410033,100,1
1002,12410038,100,1
1002,12410037,100,1
1002,12410042,100,1
1002,12610020,100,1
1002,12610019,100,1
1002,12610024,100,1
1002,12610027,100,1
1002,12610025,100,1
1002,12610018,100,1
1002,12610022,100,1
1002,12510020,100,1
1002,12510015,100,1
1002,12510016,100,1
1002,12510014,100,1
1002,12510018,100,1
1002,12510021,100,1
1002,12310029,100,1
1002,12310031,100,1
1002,12310024,100,1
1002,12310027,100,1
1002,12310030,100,1
1002,12310026,100,1
1002,12310028,100,1
1002,12310023,100,1
1002,12310025,100,1
1002,10110011,100,1
1002,10110010,100,1
1002,10310013,100,1
1002,10310011,100,1
1002,10310012,100,1
1002,10210012,100,1
1002,10410007,100,1
1002,10510006,100,1
1002,10510005,100,1
1002,11510010,100,1
1002,11510011,100,1
1002,10610015,100,1
1002,10610016,100,1
1002,10610017,100,1
1002,11410022,100,1
1002,11410021,100,1
1002,11010021,100,1
1002,11010020,100,1
1002,10810028,100,1
1002,10810027,100,1
1002,10910029,100,1
1002,10910028,100,1
1002,12410044,100,1
1002,12410047,100,1
1002,12410046,100,1
1002,12410045,100,1
1002,12610032,100,1
1002,12610028,100,1
1002,12610031,100,1
1002,12610030,100,1
1002,12610029,100,1
1002,12510023,100,1
1002,12510022,100,1
1002,12510026,100,1
1002,12510025,100,1
1002,12310035,100,1
1002,12310036,100,1
1002,12310033,100,1
1003,12310037,100,1
1003,10110015,100,1
1003,10110013,100,1
1003,10110012,100,1
1003,10110016,100,1
1003,10110014,100,1
1003,10310015,100,1
1003,10310016,100,1
1003,10310014,100,1
1003,10310017,100,1
1003,11110007,100,1
1003,11110006,100,1
1003,10510008,100,1
1003,10510007,100,1
1003,11510012,100,1
1003,11310007,100,1
1003,11710009,100,1
1003,10610018,100,1
1003,10610019,100,1
1003,10610020,100,1
1003,11410024,100,1
1003,11410027,100,1
1003,11410028,100,1
1003,11410025,100,1
1003,11410026,100,1
1003,11410029,100,1
1003,11410023,100,1
1003,11010022,100,1
1003,10810029,100,1
1003,10910032,100,1
1003,10910031,100,1
1003,10910033,100,1
1003,10910034,100,1
1003,10910030,100,1
1003,12410057,100,1
1003,12410056,100,1
1003,12410050,100,1
1003,12410049,100,1
1003,12410053,100,1
1003,12410054,100,1
1003,12410055,100,1
1003,12410048,100,1
1003,12410052,100,1
1003,12410051,100,1
1003,12610035,100,1
1003,12610034,100,1
1003,12610033,100,1
1003,12610036,100,1
1003,12610037,100,1
1003,12510030,100,1
1003,12510027,100,1
1003,12510029,100,1
1003,12510028,100,1
1003,12310046,100,1
1003,12310038,100,1
1003,12310043,100,1
1003,12310039,100,1
1003,12310041,100,1
1003,12310040,100,1
1003,12310042,100,1
1003,12310044,100,1
1003,12310045,100,1
1003,12010004,100,1
1003,12010003,100,1
1003,12010002,100,1
1003,12010006,100,1
1003,12010005,100,1
1003,10210016,100,1
1003,10210015,100,1
1003,10210014,100,1
1003,10210013,100,1
1003,11610004,100,1
1003,10410008,100,1
1003,10510009,100,1
1003,11210006,100,1
1003,11510013,100,1
1003,11310008,100,1
1003,11710011,100,1
1003,11710010,100,1
1003,10610021,100,1
1003,11410030,100,1
1003,11410032,100,1
1003,11410031,100,1
1003,11010023,100,1
1003,10810030,100,1
1003,10710017,100,1
1003,10710018,100,1
1003,12410062,100,1
1003,12410064,100,1
1003,12410063,100,1
1003,12410058,100,1
1003,12410061,100,1
1003,12410060,100,1
1003,12610039,100,1
1003,12610038,100,1
1003,12610043,100,1
1003,12610042,100,1
1003,12610044,100,1
1003,12610040,100,1
1003,12610041,100,1
1003,12510031,100,1
1003,12510032,100,1
1003,12310049,100,1
1003,12310047,100,1
1003,12310048,100,1
1003,12010008,100,1
1003,12010007,100,1
1003,10110017,100,1
1003,10310018,100,1
1003,11210007,100,1
1003,11710012,100,1
1003,10610022,100,1
1003,11410033,100,1
1003,11410034,100,1
1003,11010026,100,1
1003,10810033,100,1
1003,10810035,100,1
1003,10810032,100,1
1003,10810031,100,1
1003,10910035,100,1
1003,12410065,100,1
1003,12410066,100,1
1003,12410069,100,1
1003,12410067,100,1
1003,12410068,100,1
1003,12410070,100,1
1003,12610045,100,1
1003,12610046,100,1
1003,12610047,100,1
1003,12510033,100,1
1003,12310050,100,1
1003,12310051,100,1
1003,12310052,100,1
1003,12310053,100,1
1003,12010009,100,1
1003,12010011,100,1
1003,12010010,100,1
1003,10210017,100,1
1003,10210018,100,1
1003,10110018,100,1
1003,10110020,100,1
1003,10410009,100,1
1003,11510014,100,1
1003,11510015,100,1
1003,11710013,100,1
1003,11710014,100,1
1003,10610023,100,1
1003,10610024,100,1
1003,10610025,100,1
1003,11410037,100,1
1003,11410036,100,1
1003,11410035,100,1
1003,11410038,100,1
1003,10710019,100,1
1003,10710020,100,1
1003,10910036,100,1
1003,12410071,100,1
1003,12410073,100,1
1003,12410072,100,1
1003,12410074,100,1
1003,12410075,100,1
1003,12410079,100,1
1003,12410080,100,1
1003,12410078,100,1
1003,12410077,100,1
1003,12410076,100,1
1003,12610050,100,1
1003,12610052,100,1
1003,12610049,100,1
1003,12610053,100,1
1003,12610048,100,1
1003,12610051,100,1
1003,12510036,100,1
1003,12510037,100,1
1003,12510034,100,1
1003,12310056,100,1
1003,12310055,100,1
1003,12310054,100,1
1003,12310060,100,1
1003,12310058,100,1
1003,12310059,100,1
1003,12010014,100,1
1003,12010013,100,1
1003,12010012,100,1
1003,10110021,100,1
1003,10110022,100,1
1003,10310019,100,1
1003,10510010,100,1
1003,11510016,100,1
1003,10610026,100,1
1003,11410040,100,1
1003,11410039,100,1
1003,11410041,100,1
1003,11010031,100,1
1003,11010030,100,1
1003,11010032,100,1
1003,11010029,100,1
1003,11010028,100,1
1003,10810036,100,1
1003,10710022,100,1
1003,10710021,100,1
1003,12410081,100,1
1003,12410086,100,1
1003,12410085,100,1
1003,12410084,100,1
1003,12410083,100,1
1003,12410082,100,1
1003,12610055,100,1
1003,12610054,100,1
1003,12610056,100,1
1003,12610059,100,1
1003,12610057,100,1
1003,12610058,100,1
1003,12110004,100,1
1003,12110003,100,1
1003,12510038,100,1
1003,12310062,100,1
1003,12310061,100,1
1003,12310066,100,1
1003,12310064,100,1
1003,12310065,100,1
1003,12010015,100,1
1003,12010018,100,1
1003,12010017,100,1
1003,12010016,100,1
1004,10210020,100,1
1004,10210019,100,1
1004,10110023,100,1
1004,11110008,100,1
1004,11210009,100,1
1004,11210008,100,1
1004,11510017,100,1
1004,11510018,100,1
1004,11510019,100,1
1004,11310009,100,1
1004,10610029,100,1
1004,10610028,100,1
1004,10610027,100,1
1004,11410045,100,1
1004,11410043,100,1
1004,11410042,100,1
1004,11410044,100,1
1004,11010033,100,1
1004,11010034,100,1
1004,10810040,100,1
1004,10810039,100,1
1004,10810038,100,1
1004,10810037,100,1
1004,10710023,100,1
1004,10910037,100,1
1004,12410095,100,1
1004,12410093,100,1
1004,12410094,100,1
1004,12410087,100,1
1004,12410088,100,1
1004,12410098,100,1
1004,12410092,100,1
1004,12410099,100,1
1004,12410096,100,1
1004,12410089,100,1
1004,12410091,100,1
1004,12410097,100,1
1004,12410090,100,1
1004,12610062,100,1
1004,12610070,100,1
1004,12610069,100,1
1004,12610063,100,1
1004,12610061,100,1
1004,12610067,100,1
1004,12610068,100,1
1004,12610060,100,1
1004,12610066,100,1
1004,12610064,100,1
1004,12610065,100,1
1004,12210009,100,1
1004,12210008,100,1
1004,12210010,100,1
1004,12210006,100,1
1004,12210007,100,1
1004,12510041,100,1
1004,12510040,100,1
1004,12510044,100,1
1004,12510046,100,1
1004,12510045,100,1
1004,12510047,100,1
1004,12510039,100,1
1004,12510048,100,1
1004,12510043,100,1
1004,12510042,100,1
1004,12310069,100,1
1004,12310067,100,1
1004,12310072,100,1
1004,12310070,100,1
1004,12310071,100,1
1004,12310068,100,1
1004,12010027,100,1
1004,12010023,100,1
1004,12010022,100,1
1004,12010024,100,1
1004,12010028,100,1
1004,12010019,100,1
1004,12010021,100,1
1004,12010025,100,1
1004,12010020,100,1
1004,12010026,100,1
1004,11910001,100,1
1004,11810001,100,1
1004,10210021,100,1
1004,10210022,100,1
1004,10310020,100,1
1004,10410010,100,1
1004,10510011,100,1
1004,11510020,100,1
1004,11310010,100,1
1004,11710016,100,1
1004,11710015,100,1
1004,10610030,100,1
1004,11410047,100,1
1004,11410046,100,1
1004,11010035,100,1
1004,11010036,100,1
1004,10710024,100,1
1004,10910038,100,1
1004,10910039,100,1
1004,12410100,100,1
1004,12410108,100,1
1004,12410101,100,1
1004,12410103,100,1
1004,12410107,100,1
1004,12410106,100,1
1004,12410105,100,1
1004,12410104,100,1
1004,12610073,100,1
1004,12610071,100,1
1004,12610072,100,1
1004,12210014,100,1
1004,12210011,100,1
1004,12210018,100,1
1004,12210019,100,1
1004,12210013,100,1
1004,12210017,100,1
1004,12210012,100,1
1004,12210016,100,1
1004,12210015,100,1
1004,12510054,100,1
1004,12510050,100,1
1004,12510052,100,1
1004,12510051,100,1
1004,12510053,100,1
1004,12510055,100,1
1004,12510049,100,1
1004,12310078,100,1
1004,12310073,100,1
1004,12310074,100,1
1004,12310075,100,1
1004,12310077,100,1
1004,12310076,100,1
1004,12010029,100,1
1004,12010031,100,1
1004,12010030,100,1
1004,10210024,100,1
1004,10210023,100,1
1004,10110025,100,1
1004,10110024,100,1
1004,11610005,100,1
1004,11610006,100,1
1004,10410012,100,1
1004,10410011,100,1
1004,11210010,100,1
1004,11510021,100,1
1004,11310011,100,1
1004,11710017,100,1
1004,10610032,100,1
1004,10610031,100,1
1004,10610033,100,1
1004,11410053,100,1
1004,11410051,100,1
1004,11410049,100,1
1004,11410052,100,1
1004,11410050,100,1
1004,11410048,100,1
1004,11010038,100,1
1004,11010037,100,1
1004,10710025,100,1
1004,10910040,100,1
1004,12410112,100,1
1004,12410117,100,1
1004,12410109,100,1
1004,12410116,100,1
1004,12410111,100,1
1004,12410110,100,1
1004,12410114,100,1
1004,12410113,100,1
1004,12410118,100,1
1004,12410115,100,1
1004,12610078,100,1
1004,12610074,100,1
1004,12610076,100,1
1004,12610075,100,1
1004,12610077,100,1
1004,12210023,100,1
1004,12210021,100,1
1004,12210020,100,1
1004,12210025,100,1
1004,12210026,100,1
1004,12210022,100,1
1004,12210027,100,1
1004,12210024,100,1
1004,12510062,100,1
1004,12510061,100,1
1004,12510057,100,1
1004,12510056,100,1
1004,12510060,100,1
1004,12510058,100,1
1004,12510059,100,1
1004,12310084,100,1
1004,12310086,100,1
1004,12310085,100,1
1004,12310083,100,1
1004,12310080,100,1
1004,12310079,100,1
1004,12310081,100,1
1004,12310082,100,1
1004,12010032,100,1
1004,12010033,100,1
1004,10210025,100,1
1004,10110027,100,1
1004,10110026,100,1
1004,10310021,100,1
1004,10410013,100,1
1004,11510022,100,1
1004,11310012,100,1
1004,11710018,100,1
1004,11710019,100,1
1004,11410056,100,1
1004,11410054,100,1
1004,11410055,100,1
1004,11410057,100,1
1004,11010039,100,1
1004,10810041,100,1
1004,10910041,100,1
1004,12410119,100,1
1004,12410120,100,1
1004,12410121,100,1
1004,12410124,100,1
1004,12410126,100,1
1004,12410125,100,1
1004,12410122,100,1
1004,12410123,100,1
1004,12610079,100,1
1004,12610080,100,1
1004,12610081,100,1
1004,12610083,100,1
1004,12610084,100,1
1004,12610085,100,1
1004,12610082,100,1
1004,12210034,100,1
1004,12210029,100,1
1004,12210032,100,1
1004,12210028,100,1
1004,12210035,100,1
1004,12210031,100,1
1004,12210030,100,1
1004,12210033,100,1
1004,12510065,100,1
1004,12510064,100,1
1004,12510069,100,1
1004,12510068,100,1
1004,12510063,100,1
1004,12510066,100,1
1004,12510067,100,1
1004,12310087,100,1
1004,12310088,100,1
1004,12310090,100,1
1004,12310089,100,1
1004,12010034,100,1
1004,12010035,100,1
1004,12010036,100,1
1004,11810002,100,1
1004,10210026,100,1
1004,10110028,100,1
1004,10310022,100,1
1004,10410014,100,1
1004,10410015,100,1
1004,10510012,100,1
1004,11510023,100,1
1004,11710020,100,1
1004,10610034,100,1
1004,11410058,100,1
1004,11410059,100,1
1004,10710026,100,1
1004,10910042,100,1
1004,12410128,100,1
1004,12410129,100,1
1004,12410132,100,1
1004,12410127,100,1
1004,12410130,100,1
1004,12410131,100,1
1004,12610086,100,1
1004,12610090,100,1
1004,12610091,100,1
1004,12610088,100,1
1004,12610087,100,1
1004,12210036,100,1
1004,12210037,100,1
1004,12210038,100,1
1004,12510070,100,1
1004,12510075,100,1
1004,12510076,100,1
1004,12510074,100,1
1004,12510073,100,1
1004,12510071,100,1
1004,12510072,100,1
1004,12310091,100,1
1004,12310095,100,1
1004,12310092,100,1
1004,12310096,100,1
1004,12310093,100,1
1004,12310094,100,1
1004,12010038,100,1
1004,12010037,100,1
1005,10210027,100,1
1005,10110029,100,1
1005,10310023,100,1
1005,10410016,100,1
1005,10410017,100,1
1005,11110009,100,1
1005,11210011,100,1
1005,11510024,100,1
1005,11310013,100,1
1005,11710022,100,1
1005,11710021,100,1
1005,11710023,100,1
1005,11410062,100,1
1005,11410061,100,1
1005,11410060,100,1
1005,11010040,100,1
1005,11010041,100,1
1005,10810042,100,1
1005,10910043,100,1
1005,12410139,100,1
1005,12410135,100,1
1005,12410134,100,1
1005,12410140,100,1
1005,12410141,100,1
1005,12410138,100,1
1005,12410142,100,1
1005,12410133,100,1
1005,12410136,100,1
1005,12410137,100,1
1005,12610094,100,1
1005,12610093,100,1
1005,12610096,100,1
1005,12610095,100,1
1005,12610092,100,1
1005,12110008,100,1
1005,12110007,100,1
1005,12110010,100,1
1005,12110009,100,1
1005,12210039,100,1
1005,12210040,100,1
1005,12210047,100,1
1005,12210044,100,1
1005,12210046,100,1
1005,12210043,100,1
1005,12210042,100,1
1005,12210045,100,1
1005,12510078,100,1
1005,12510077,100,1
1005,12510083,100,1
1005,12510081,100,1
1005,12510080,100,1
1005,12510079,100,1
1005,12510082,100,1
1005,12510084,100,1
1005,12310099,100,1
1005,12310102,100,1
1005,12310097,100,1
1005,12310098,100,1
1005,12310101,100,1
1005,12310103,100,1
1005,12310100,100,1
1005,12010039,100,1
1005,11910002,100,1
1005,11910003,100,1
1005,10210028,100,1
1005,10210029,100,1
1005,10110030,100,1
1005,10310024,100,1
1005,11610007,100,1
1005,10510013,100,1
1005,11210012,100,1
1005,11510026,100,1
1005,11510025,100,1
1005,11310015,100,1
1005,11310014,100,1
1005,11710025,100,1
1005,11710024,100,1
1005,11410065,100,1
1005,11410063,100,1
1005,11410064,100,1
1005,10810043,100,1
1005,10710028,100,1
1005,10710027,100,1
1005,10710029,100,1
1005,12410143,100,1
1005,12410144,100,1
1005,12410145,100,1
1005,12410151,100,1
1005,12410150,100,1
1005,12410148,100,1
1005,12410147,100,1
1005,12410146,100,1
1005,12410149,100,1
1005,12610097,100,1
1005,12610098,100,1
1005,12610102,100,1
1005,12610099,100,1
1005,12610101,100,1
1005,12610103,100,1
1005,12110019,100,1
1005,12110017,100,1
1005,12110016,100,1
1005,12110012,100,1
1005,12110011,100,1
1005,12110015,100,1
1005,12110014,100,1
1005,12110013,100,1
1005,12110018,100,1
1005,12210050,100,1
1005,12210049,100,1
1005,12510090,100,1
1005,12510087,100,1
1005,12510086,100,1
1005,12510085,100,1
1005,12310104,100,1
1005,12310106,100,1
1005,12310105,100,1
1005,12310108,100,1
1005,12310107,100,1
1005,12010046,100,1
1005,12010043,100,1
1005,12010044,100,1
1005,12010042,100,1
1005,12010040,100,1
1005,12010045,100,1
1005,12010047,100,1
1005,12010041,100,1
1005,11910007,100,1
1005,11910006,100,1
1005,11910004,100,1
1005,11910005,100,1
1005,10310028,100,1
1005,10310027,100,1
1005,10310025,100,1
1005,10310026,100,1
1005,10410019,100,1
1005,10410018,100,1
1005,10410020,100,1
1005,11510027,100,1
1005,11710026,100,1
1005,11410067,100,1
1005,11410068,100,1
1005,11410066,100,1
1005,11010042,100,1
1005,10710030,100,1
1005,10710031,100,1
1005,10910044,100,1
1005,12410156,100,1
1005,12410157,100,1
1005,12410153,100,1
1005,12410155,100,1
1005,12410152,100,1
1005,12610104,100,1
1005,12610107,100,1
1005,12610106,100,1
1005,12610108,100,1
1005,12610105,100,1
1005,12110021,100,1
1005,12110020,100,1
1005,12110023,100,1
1005,12110022,100,1
1005,12110024,100,1
1005,12210053,100,1
1005,12210051,100,1
1005,12210059,100,1
1005,12210058,100,1
1005,12210052,100,1
1005,12210055,100,1
1005,12210060,100,1
1005,12210056,100,1
1005,12210057,100,1
1005,12510092,100,1
1005,12510091,100,1
1005,12310111,100,1
1005,12310110,100,1
1005,12310115,100,1
1005,12310109,100,1
1005,12310114,100,1
1005,12310113,100,1
1005,12310112,100,1
1005,12010049,100,1
1005,12010048,100,1
1005,11910008,100,1
1005,11910009,100,1
1005,10510014,100,1
1005,11310016,100,1
1005,11310017,100,1
1005,10610035,100,1
1005,11410070,100,1
1005,11410071,100,1
1005,11410069,100,1
1005,10810044,100,1
1005,10710032,100,1
1005,12410158,100,1
1005,12410159,100,1
1005,12410160,100,1
1005,12410163,100,1
1005,12410164,100,1
1005,12410161,100,1
1005,12410165,100,1
1005,12410162,100,1
1005,12610112,100,1
1005,12610111,100,1
1005,12610109,100,1
1005,12610110,100,1
1005,12110025,100,1
1005,12110026,100,1
1005,12110029,100,1
1005,12110030,100,1
1005,12110028,100,1
1005,12110027,100,1
1005,12210061,100,1
1005,12210064,100,1
1005,12210065,100,1
1005,12210062,100,1
1005,12210063,100,1
1005,12510094,100,1
1005,12510096,100,1
1005,12510095,100,1
1005,12510093,100,1
1005,12510097,100,1
1005,12310121,100,1
1005,12310117,100,1
1005,12310125,100,1
1005,12310118,100,1
1005,12310123,100,1
1005,12310119,100,1
1005,12310124,100,1
1005,12310116,100,1
1005,12310122,100,1
1005,12310120,100,1
1005,12010051,100,1
1005,12010050,100,1
1005,11910010,100,1
1005,10210030,100,1
1005,10210031,100,1
1005,10110031,100,1
1005,10410021,100,1
1005,11510028,100,1
1005,11710027,100,1
1005,10610036,100,1
1005,11410075,100,1
1005,11410072,100,1
1005,11410074,100,1
1005,11410076,100,1
1005,11410073,100,1
1005,10710033,100,1
1005,10710034,100,1
1005,10910045,100,1
1005,12410170,100,1
1005,12410171,100,1
1005,12410166,100,1
1005,12410167,100,1
1005,12410169,100,1
1005,12410173,100,1
1005,12410168,100,1
1005,12410172,100,1
1005,12610113,100,1
1005,12610117,100,1
1005,12610116,100,1
1005,12610115,100,1
1005,12610114,100,1
1005,12110035,100,1
1005,12110031,100,1
1005,12110034,100,1
1005,12110033,100,1
1005,12110032,100,1
1005,12210067,100,1
1005,12210066,100,1
1005,12210068,100,1
1005,12210069,100,1
1005,12510098,100,1
1005,12510100,100,1
1005,12510101,100,1
1005,12510099,100,1
1005,12310126,100,1
1005,12310127,100,1
1005,12310129,100,1
1005,12310128,100,1
1005,12010052,100,1
1005,12010053,100,1
1005,11910011,100,1
1006,10310030,100,1
1006,10310029,100,1
1006,10410022,100,1
1006,10410023,100,1
1006,11110010,100,1
1006,11110011,100,1
1006,11210014,100,1
1006,11210013,100,1
1006,11510029,100,1
1006,11310018,100,1
1006,11710028,100,1
1006,11710029,100,1
1006,11410078,100,1
1006,11410077,100,1
1006,11010043,100,1
1006,10810045,100,1
1006,10710035,100,1
1006,10710036,100,1
1006,12410178,100,1
1006,12410179,100,1
1006,12410181,100,1
1006,12410177,100,1
1006,12410180,100,1
1006,12410176,100,1
1006,12410175,100,1
1006,12410174,100,1
1006,12610119,100,1
1006,12610120,100,1
1006,12610118,100,1
1006,12610122,100,1
1006,12610121,100,1
1006,12110043,100,1
1006,12110037,100,1
1006,12110042,100,1
1006,12110041,100,1
1006,12110039,100,1
1006,12110040,100,1
1006,12110036,100,1
1006,12110038,100,1
1006,12210075,100,1
1006,12210077,100,1
1006,12210071,100,1
1006,12210076,100,1
1006,12210073,100,1
1006,12210074,100,1
1006,12210070,100,1
1006,12210072,100,1
1006,12510103,100,1
1006,12510102,100,1
1006,12510105,100,1
1006,12510104,100,1
1006,12310130,100,1
1006,12310133,100,1
1006,12310132,100,1
1006,12310131,100,1
1006,12010055,100,1
1006,12010058,100,1
1006,12010056,100,1
1006,12010057,100,1
1006,12010054,100,1
1006,11910014,100,1
1006,11910012,100,1
1006,11910013,100,1
1006,10210033,100,1
1006,10210032,100,1
1006,10210034,100,1
1006,10110032,100,1
1006,10310031,100,1
1006,10510015,100,1
1006,11210015,100,1
1006,11310019,100,1
1006,11710030,100,1
1006,11410079,100,1
1006,11410084,100,1
1006,11410080,100,1
1006,11410082,100,1
1006,11410081,100,1
1006,11410083,100,1
1006,11010045,100,1
1006,11010044,100,1
1006,10810047,100,1
1006,10810046,100,1
1006,10910046,100,1
1006,10910047,100,1
1006,12410185,100,1
1006,12410186,100,1
1006,12410182,100,1
1006,12410184,100,1
1006,12410188,100,1
1006,12410183,100,1
1006,12410187,100,1
1006,12610123,100,1
1006,12610127,100,1
1006,12610126,100,1
1006,12610125,100,1
1006,12610124,100,1
1006,12110044,100,1
1006,12110045,100,1
1006,12110049,100,1
1006,12110048,100,1
1006,12110047,100,1
1006,12110046,100,1
1006,12210079,100,1
1006,12210080,100,1
1006,12210078,100,1
1006,12210083,100,1
1006,12210082,100,1
1006,12210081,100,1
1006,12510112,100,1
1006,12510107,100,1
1006,12510108,100,1
1006,12510109,100,1
1006,12510106,100,1
1006,12510111,100,1
1006,12510110,100,1
1006,12310138,100,1
1006,12310136,100,1
1006,12310137,100,1
1006,12310135,100,1
1006,12310134,100,1
1006,12310139,100,1
1006,12010059,100,1
1006,12010060,100,1
1006,11910015,100,1
1006,10110033,100,1
1006,11610008,100,1
1006,10510016,100,1
1006,10510018,100,1
1006,10510017,100,1
1006,11510031,100,1
1006,11510030,100,1
1006,11710032,100,1
1006,11710031,100,1
1006,10610037,100,1
1006,11410085,100,1
1006,11410087,100,1
1006,11410086,100,1
1006,11410088,100,1
1006,10810049,100,1
1006,10810048,100,1
1006,10710038,100,1
1006,12410190,100,1
1006,12410195,100,1
1006,12410193,100,1
1006,12410194,100,1
1006,12410189,100,1
1006,12410191,100,1
1006,12410192,100,1
1006,12610134,100,1
1006,12610129,100,1
1006,12610130,100,1
1006,12610135,100,1
1006,12610132,100,1
1006,12610128,100,1
1006,12610131,100,1
1006,12610133,100,1
1006,12110053,100,1
1006,12110050,100,1
1006,12110051,100,1
1006,12110055,100,1
1006,12110052,100,1
1006,12110054,100,1
1006,12210086,100,1
1006,12210085,100,1
1006,12210084,100,1
1006,12210087,100,1
1006,12510113,100,1
1006,12510114,100,1
1006,12510119,100,1
1006,12510118,100,1
1006,12510116,100,1
1006,12510117,100,1
1006,12510115,100,1
1006,12310143,100,1
1006,12310145,100,1
1006,12310142,100,1
1006,12310140,100,1
1006,12310144,100,1
1006,12310141,100,1
1006,12010063,100,1
1006,12010061,100,1
1006,12010062,100,1
1006,10210035,100,1
1006,10510019,100,1
1006,11510032,100,1
1006,11710033,100,1
1006,11710034,100,1
1006,11410090,100,1
1006,11410091,100,1
1006,11410089,100,1
1006,11010046,100,1
1006,10710039,100,1
1006,10910048,100,1
1006,12410196,100,1
1006,12410197,100,1
1006,12410199,100,1
1006,12410198,100,1
1006,12610140,100,1
1006,12610137,100,1
1006,12610136,100,1
1006,12610139,100,1
1006,12610138,100,1
1006,12110064,100,1
1006,12110056,100,1
1006,12110063,100,1
1006,12110060,100,1
1006,12110058,100,1
1006,12110057,100,1
1006,12110059,100,1
1006,12110062,100,1
1006,12110061,100,1
1006,12210097,100,1
1006,12210088,100,1
1006,12210090,100,1
1006,12210095,100,1
1006,12210093,100,1
1006,12210094,100,1
1006,12210089,100,1
1006,12210096,100,1
1006,12210092,100,1
1006,12210091,100,1
1006,12510126,100,1
1006,12510125,100,1
1006,12510124,100,1
1006,12510121,100,1
1006,12510123,100,1
1006,12510122,100,1
1006,12510120,100,1
1006,12310149,100,1
1006,12310146,100,1
1006,12310148,100,1
1006,12310147,100,1
1006,12010065,100,1
1006,12010066,100,1
1006,11910016,100,1
1006,10510020,100,1
1006,11310020,100,1
1006,11710035,100,1
1006,10610038,100,1
1006,11410092,100,1
1006,11410097,100,1
1006,11410094,100,1
1006,11410095,100,1
1006,11410093,100,1
1006,11410096,100,1
1006,10810050,100,1
1006,10710040,100,1
1006,10910049,100,1
1006,12410200,100,1
1006,12410201,100,1
1006,12410202,100,1
1006,12410203,100,1
1006,12610142,100,1
1006,12610146,100,1
1006,12610144,100,1
1006,12610145,100,1
1006,12610141,100,1
1006,12610143,100,1
1006,12110066,100,1
1006,12110065,100,1
1006,12110070,100,1
1006,12110069,100,1
1006,12110067,100,1
1006,12110068,100,1
1006,12210099,100,1
1006,12210098,100,1
1006,12210100,100,1
1006,12210101,100,1
1006,12510130,100,1
1006,12510127,100,1
1006,12510129,100,1
1006,12510133,100,1
1006,12510128,100,1
1006,12510132,100,1
1006,12510131,100,1
1006,12310152,100,1
1006,12310150,100,1
1006,12310151,100,1
1006,12010067,100,1
1006,11910017,100,1
1007,10210036,100,1
1007,10310032,100,1
1007,11610009,100,1
1007,11610010,100,1
1007,11110012,100,1
1007,10510021,100,1
1007,11210016,100,1
1007,11510033,100,1
1007,11710036,100,1
1007,11710038,100,1
1007,11710039,100,1
1007,11710037,100,1
1007,10610039,100,1
1007,10610040,100,1
1007,11410098,100,1
1007,11410101,100,1
1007,11410099,100,1
1007,11410100,100,1
1007,11010047,100,1
1007,10810051,100,1
1007,10810052,100,1
1007,10710041,100,1
1007,12410211,100,1
1007,12410212,100,1
1007,12410214,100,1
1007,12410213,100,1
1007,12410204,100,1
1007,12410206,100,1
1007,12410209,100,1
1007,12410210,100,1
1007,12410208,100,1
1007,12410205,100,1
1007,12410207,100,1
1007,12610156,100,1
1007,12610148,100,1
1007,12610150,100,1
1007,12610147,100,1
1007,12610153,100,1
1007,12610149,100,1
1007,12610152,100,1
1007,12610155,100,1
1007,12610154,100,1
1007,12610151,100,1
1007,12110081,100,1
1007,12110072,100,1
1007,12110073,100,1
1007,12110079,100,1
1007,12110078,100,1
1007,12110075,100,1
1007,12110077,100,1
1007,12110080,100,1
1007,12110076,100,1
1007,12110071,100,1
1007,12110074,100,1
1007,12210106,100,1
1007,12210107,100,1
1007,12210102,100,1
1007,12210105,100,1
1007,12210104,100,1
1007,12210103,100,1
1007,12210108,100,1
1007,12510134,100,1
1007,12510142,100,1
1007,12510137,100,1
1007,12510141,100,1
1007,12510140,100,1
1007,12510139,100,1
1007,12510143,100,1
1007,12510136,100,1
1007,12310153,100,1
1007,12310154,100,1
1007,12310155,100,1
1007,12010068,100,1
1007,12010069,100,1
1007,11810003,100,1
1007,10210037,100,1
1007,10210038,100,1
1007,10110034,100,1
1007,10310033,100,1
1007,10310034,100,1
1007,10410024,100,1
1007,10510022,100,1
1007,11510035,100,1
1007,11510034,100,1
1007,11310022,100,1
1007,11310021,100,1
1007,11710040,100,1
1007,10610041,100,1
1007,11410105,100,1
1007,11410103,100,1
1007,11410102,100,1
1007,11410104,100,1
1007,11010048,100,1
1007,11010049,100,1
1007,10910050,100,1
1007,12410217,100,1
1007,12410224,100,1
1007,12410215,100,1
1007,12410216,100,1
1007,12410221,100,1
1007,12410219,100,1
1007,12410226,100,1
1007,12410223,100,1
1007,12410220,100,1
1007,12410218,100,1
1007,12410222,100,1
1007,12410225,100,1
1007,12610159,100,1
1007,12610157,100,1
1007,12610162,100,1
1007,12610163,100,1
1007,12610158,100,1
1007,12610160,100,1
1007,12110084,100,1
1007,12110082,100,1
1007,12110088,100,1
1007,12110083,100,1
1007,12110085,100,1
1007,12110090,100,1
1007,12110086,100,1
1007,12110087,100,1
1007,12110089,100,1
1007,12210110,100,1
1007,12210114,100,1
1007,12210115,100,1
1007,12210109,100,1
1007,12210112,100,1
1007,12210117,100,1
1007,12210113,100,1
1007,12210111,100,1
1007,12510144,100,1
1007,12510146,100,1
1007,12510147,100,1
1007,12510145,100,1
1007,12510148,100,1
1007,12310159,100,1
1007,12310160,100,1
1007,12310156,100,1
1007,12310158,100,1
1007,12310157,100,1
1007,12310162,100,1
1007,12010070,100,1
1007,11910018,100,1
1007,11910019,100,1
1007,11910021,100,1
1007,11910020,100,1
1007,11810004,100,1
1007,10210040,100,1
1007,10210039,100,1
1007,10110036,100,1
1007,10110035,100,1
1007,11210017,100,1
1007,11510036,100,1
1007,11310023,100,1
1007,11310024,100,1
1007,10610042,100,1
1007,11410106,100,1
1007,11410107,100,1
1007,10710042,100,1
1007,10910051,100,1
1007,12410228,100,1
1007,12410229,100,1
1007,12410230,100,1
1007,12410235,100,1
1007,12410227,100,1
1007,12410233,100,1
1007,12410234,100,1
1007,12410231,100,1
1007,12410232,100,1
1007,12610164,100,1
1007,12610171,100,1
1007,12610169,100,1
1007,12610170,100,1
1007,12610165,100,1
1007,12610168,100,1
1007,12610167,100,1
1007,12610172,100,1
1007,12610166,100,1
1007,12110097,100,1
1007,12110093,100,1
1007,12110099,100,1
1007,12110098,100,1
1007,12110095,100,1
1007,12110096,100,1
1007,12110092,100,1
1007,12110091,100,1
1007,12110094,100,1
1007,12210119,100,1
1007,12210122,100,1
1007,12210121,100,1
1007,12210118,100,1
1007,12210120,100,1
1007,12210123,100,1
1007,12510149,100,1
1007,12510150,100,1
1007,12510156,100,1
1007,12510157,100,1
1007,12510154,100,1
1007,12510155,100,1
1007,12510151,100,1
1007,12510153,100,1
1007,12510152,100,1
1007,12310165,100,1
1007,12310166,100,1
1007,12310169,100,1
1007,12310164,100,1
1007,12310168,100,1
1007,12310163,100,1
1007,12010071,100,1
1007,11910023,100,1
1007,11910024,100,1
1007,11910022,100,1
1007,10210041,100,1
1007,10110037,100,1
1007,10310035,100,1
1007,11510038,100,1
1007,11510037,100,1
1007,11410111,100,1
1007,11410108,100,1
1007,11410110,100,1
1007,11410109,100,1
1007,11410112,100,1
1007,11010050,100,1
1007,10910052,100,1
1007,12410239,100,1
1007,12410236,100,1
1007,12410237,100,1
1007,12410238,100,1
1007,12410242,100,1
1007,12410241,100,1
1007,12410243,100,1
1007,12410240,100,1
1007,12410244,100,1
1007,12610173,100,1
1007,12610174,100,1
1007,12610178,100,1
1007,12610177,100,1
1007,12610176,100,1
1007,12610175,100,1
1007,12110101,100,1
1007,12110100,100,1
1007,12110105,100,1
1007,12110106,100,1
1007,12110103,100,1
1007,12110104,100,1
1007,12110107,100,1
1007,12110102,100,1
1007,12210124,100,1
1007,12210125,100,1
1007,12210128,100,1
1007,12210130,100,1
1007,12210129,100,1
1007,12210127,100,1
1007,12210126,100,1
1007,12510160,100,1
1007,12510164,100,1
1007,12510165,100,1
1007,12510162,100,1
1007,12510159,100,1
1007,12510158,100,1
1007,12510163,100,1
1007,12510161,100,1
1007,12310174,100,1
1007,12310170,100,1
1007,12310175,100,1
1007,12310172,100,1
1007,12310173,100,1
1007,12310171,100,1
1007,12010073,100,1
1007,12010072,100,1
1007,11910026,100,1
1007,11910025,100,1
1007,10110039,100,1
1007,10110038,100,1
1007,10510023,100,1
1007,10510024,100,1
1007,11310025,100,1
1007,10610043,100,1
1007,11410115,100,1
1007,11410113,100,1
1007,11410114,100,1
1007,10710043,100,1
1007,10910053,100,1
1007,12410250,100,1
1007,12410251,100,1
1007,12410249,100,1
1007,12410247,100,1
1007,12410248,100,1
1007,12410245,100,1
1007,12410246,100,1
1007,12610184,100,1
1007,12610183,100,1
1007,12610182,100,1
1007,12610179,100,1
1007,12610180,100,1
1007,12610181,100,1
1007,12110110,100,1
1007,12110108,100,1
1007,12110109,100,1
1007,12110112,100,1
1007,12110113,100,1
1007,12110111,100,1
1007,12210137,100,1
1007,12210136,100,1
1007,12210138,100,1
1007,12210135,100,1
1007,12210134,100,1
1007,12210132,100,1
1007,12210133,100,1
1007,12510166,100,1
1007,12510170,100,1
1007,12510169,100,1
1007,12510168,100,1
1007,12510167,100,1
1007,12310180,100,1
1007,12310181,100,1
1007,12310176,100,1
1007,12310178,100,1
1007,12310179,100,1
1007,12310177,100,1
1007,12010074,100,1
1007,11910028,100,1
1007,11910027,100,1
1007,11810005,100,1
1008,10310036,100,1
1008,10410026,100,1
1008,10410025,100,1
1008,11110013,100,1
1008,11110014,100,1
1008,10510025,100,1
1008,11210019,100,1
1008,11210018,100,1
1008,11510039,100,1
1008,11310026,100,1
1008,11710041,100,1
1008,11410116,100,1
1008,11410118,100,1
1008,11410117,100,1
1008,11410119,100,1
1008,11010051,100,1
1008,11010053,100,1
1008,11010052,100,1
1008,10810054,100,1
1008,10910054,100,1
1008,10910055,100,1
1008,12410253,100,1
1008,12410252,100,1
1008,12410260,100,1
1008,12410258,100,1
1008,12410256,100,1
1008,12410257,100,1
1008,12410255,100,1
1008,12410254,100,1
1008,12410259,100,1
1008,12610186,100,1
1008,12610196,100,1
1008,12610189,100,1
1008,12610197,100,1
1008,12610185,100,1
1008,12610195,100,1
1008,12610194,100,1
1008,12610198,100,1
1008,12610188,100,1
1008,12610193,100,1
1008,12610192,100,1
1008,12610187,100,1
1008,12610190,100,1
1008,12610191,100,1
1008,12110123,100,1
1008,12110120,100,1
1008,12110122,100,1
1008,12110118,100,1
1008,12110119,100,1
1008,12110117,100,1
1008,12110114,100,1
1008,12110116,100,1
1008,12110121,100,1
1008,12110115,100,1
1008,12210144,100,1
1008,12210145,100,1
1008,12210143,100,1
1008,12210139,100,1
1008,12210142,100,1
1008,12210140,100,1
1008,12210146,100,1
1008,12510171,100,1
1008,12510172,100,1
1008,12510177,100,1
1008,12510175,100,1
1008,12510174,100,1
1008,12510173,100,1
1008,12510176,100,1
1008,12310186,100,1
1008,12310190,100,1
1008,12310189,100,1
1008,12310185,100,1
1008,12310184,100,1
1008,12310188,100,1
1008,12310182,100,1
1008,12310187,100,1
1008,12310183,100,1
1008,12010075,100,1
1008,11910030,100,1
1008,11910029,100,1
1008,11910031,100,1
1008,10210042,100,1
1008,10110040,100,1
1008,11510040,100,1
1008,11510041,100,1
1008,11710043,100,1
1008,11710042,100,1
1008,10610045,100,1
1008,10610046,100,1
1008,11410120,100,1
1008,11410121,100,1
1008,11410122,100,1
1008,10810055,100,1
1008,10710044,100,1
1008,12410265,100,1
1008,12410261,100,1
1008,12410262,100,1
1008,12410264,100,1
1008,12410269,100,1
1008,12410268,100,1
1008,12410263,100,1
1008,12410266,100,1
1008,12410267,100,1
1008,12410270,100,1
1008,12610199,100,1
1008,12610200,100,1
1008,12610203,100,1
1008,12610205,100,1
1008,12610204,100,1
1008,12610202,100,1
1008,12610201,100,1
1008,12110131,100,1
1008,12110127,100,1
1008,12110125,100,1
1008,12110132,100,1
1008,12110126,100,1
1008,12110130,100,1
1008,12110124,100,1
1008,12110128,100,1
1008,12110129,100,1
1008,12210148,100,1
1008,12210147,100,1
1008,12210150,100,1
1008,12210149,100,1
1008,12510178,100,1
1008,12510179,100,1
1008,12510182,100,1
1008,12510184,100,1
1008,12510181,100,1
1008,12510183,100,1
1008,12510180,100,1
1008,12310194,100,1
1008,12310193,100,1
1008,12310191,100,1
1008,12310192,100,1
1008,12010077,100,1
1008,12010076,100,1
1008,12010079,100,1
1008,12010078,100,1
1008,10310037,100,1
1008,10410027,100,1
1008,11510043,100,1
1008,11510042,100,1
1008,11410123,100,1
1008,11410124,100,1
1008,10810056,100,1
1008,10910057,100,1
1008,12410273,100,1
1008,12410272,100,1
1008,12410278,100,1
1008,12410277,100,1
1008,12410279,100,1
1008,12410276,100,1
1008,12410275,100,1
1008,12410271,100,1
1008,12410274,100,1
1008,12610206,100,1
1008,12610213,100,1
1008,12610212,100,1
1008,12610211,100,1
1008,12610209,100,1
1008,12610210,100,1
1008,12610208,100,1
1008,12610207,100,1
1008,12610214,100,1
1008,12110133,100,1
1008,12110135,100,1
1008,12110134,100,1
1008,12110136,100,1
1008,12110140,100,1
1008,12110138,100,1
1008,12110139,100,1
1008,12110137,100,1
1008,12110141,100,1
1008,12210151,100,1
1008,12210152,100,1
1008,12210154,100,1
1008,12210159,100,1
1008,12210161,100,1
1008,12210160,100,1
1008,12210158,100,1
1008,12210153,100,1
1008,12210157,100,1
1008,12210155,100,1
1008,12210156,100,1
1008,12510185,100,1
1008,12510186,100,1
1008,12510189,100,1
1008,12510188,100,1
1008,12510187,100,1
1008,12310195,100,1
1008,12310196,100,1
1008,12010081,100,1
1008,12010080,100,1
1008,11910033,100,1
1008,11910034,100,1
1008,11910035,100,1
1008,11910032,100,1
1008,10210043,100,1
1008,11610011,100,1
1008,10510026,100,1
1008,11510044,100,1
1008,10610047,100,1
1008,11410125,100,1
1008,11410126,100,1
1008,11010055,100,1
1008,11010054,100,1
1008,10710045,100,1
1008,12410287,100,1
1008,12410289,100,1
1008,12410288,100,1
1008,12410285,100,1
1008,12410281,100,1
1008,12410286,100,1
1008,12410283,100,1
1008,12410282,100,1
1008,12410280,100,1
1008,12410284,100,1
1008,12610215,100,1
1008,12610216,100,1
1008,12610219,100,1
1008,12610218,100,1
1008,12610217,100,1
1008,12110144,100,1
1008,12110143,100,1
1008,12110142,100,1
1008,12110145,100,1
1008,12110151,100,1
1008,12110150,100,1
1008,12110152,100,1
1008,12110149,100,1
1008,12110148,100,1
1008,12110146,100,1
1008,12110147,100,1
1008,12210162,100,1
1008,12210170,100,1
1008,12210164,100,1
1008,12210167,100,1
1008,12210168,100,1
1008,12210171,100,1
1008,12210165,100,1
1008,12210166,100,1
1008,12210163,100,1
1008,12210169,100,1
1008,12510195,100,1
1008,12510193,100,1
1008,12510194,100,1
1008,12510191,100,1
1008,12510190,100,1
1008,12510196,100,1
1008,12510192,100,1
1008,12310197,100,1
1008,12310201,100,1
1008,12310202,100,1
1008,12310199,100,1
1008,12310198,100,1
1008,12310200,100,1
1008,12310203,100,1
1008,12010084,100,1
1008,12010083,100,1
1008,11910036,100,1
1008,11810006,100,1
1008,10110041,100,1
1008,10310038,100,1
1008,10410028,100,1
1008,11210020,100,1
1008,11510045,100,1
1008,11410128,100,1
1008,11410127,100,1
1008,10810058,100,1
1008,10810059,100,1
1008,12410290,100,1
1008,12410291,100,1
1008,12410293,100,1
1008,12410294,100,1
1008,12410292,100,1
1008,12610220,100,1
1008,12610229,100,1
1008,12610228,100,1
1008,12610225,100,1
1008,12610224,100,1
1008,12610221,100,1
1008,12610222,100,1
1008,12610227,100,1
1008,12610226,100,1
1008,12610223,100,1
1008,12110153,100,1
1008,12110156,100,1
1008,12110155,100,1
1008,12110157,100,1
1008,12110154,100,1
1008,12210172,100,1
1008,12210177,100,1
1008,12210175,100,1
1008,12210173,100,1
1008,12210174,100,1
1008,12210176,100,1
1008,12510202,100,1
1008,12510200,100,1
1008,12510197,100,1
1008,12510201,100,1
1008,12510198,100,1
1008,12510199,100,1
1008,12310206,100,1
1008,12310204,100,1
1008,12310207,100,1
1008,12310205,100,1
1008,12010085,100,1
1008,12010086,100,1
1009,10210044,100,1
1009,10510027,100,1
1009,11510046,100,1
1009,11710045,100,1
1009,11710044,100,1
1009,10610048,100,1
1009,11410130,100,1
1009,11410129,100,1
1009,10910058,100,1
1009,12410300,100,1
1009,12410301,100,1
1009,12410302,100,1
1009,12410299,100,1
1009,12410295,100,1
1009,12410296,100,1
1009,12410298,100,1
1009,12410303,100,1
1009,12410297,100,1
1009,12610235,100,1
1009,12610233,100,1
1009,12610232,100,1
1009,12610231,100,1
1009,12610234,100,1
1009,12610230,100,1
1009,12110159,100,1
1009,12110160,100,1
1009,12110166,100,1
1009,12110162,100,1
1009,12110163,100,1
1009,12110164,100,1
1009,12110165,100,1
1009,12110158,100,1
1009,12110161,100,1
1009,12210182,100,1
1009,12210181,100,1
1009,12210180,100,1
1009,12210178,100,1
1009,12210179,100,1
1009,12510210,100,1
1009,12510208,100,1
1009,12510206,100,1
1009,12510203,100,1
1009,12510207,100,1
1009,12510204,100,1
1009,12510209,100,1
1009,12510205,100,1
1009,12310212,100,1
1009,12310208,100,1
1009,12310209,100,1
1009,12310210,100,1
1009,12010087,100,1
1009,12010089,100,1
1009,12010088,100,1
1009,11910038,100,1
1009,11910037,100,1
1009,11810008,100,1
1009,11810007,100,1
1009,11810010,100,1
1009,11810011,100,1
1009,11810009,100,1
1009,10110042,100,1
1009,10410029,100,1
1009,10410030,100,1
1009,11510047,100,1
1009,11510048,100,1
1009,11510049,100,1
1009,11310027,100,1
1009,11710046,100,1
1009,11410132,100,1
1009,11410134,100,1
1009,11410133,100,1
1009,11410135,100,1
1009,11410131,100,1
1009,11010056,100,1
1009,10810060,100,1
1009,10710047,100,1
1009,10710046,100,1
1009,10910059,100,1
1009,12410309,100,1
1009,12410308,100,1
1009,12410305,100,1
1009,12410307,100,1
1009,12410311,100,1
1009,12410310,100,1
1009,12410314,100,1
1009,12410315,100,1
1009,12410306,100,1
1009,12410304,100,1
1009,12410313,100,1
1009,12410312,100,1
1009,12610237,100,1
1009,12610239,100,1
1009,12610240,100,1
1009,12610236,100,1
1009,12610238,100,1
1009,12110171,100,1
1009,12110170,100,1
1009,12110167,100,1
1009,12110169,100,1
1009,12110168,100,1
1009,12210188,100,1
1009,12210185,100,1
1009,12210186,100,1
1009,12210184,100,1
1009,12210187,100,1
1009,12210183,100,1
1009,12510211,100,1
1009,12510217,100,1
1009,12510214,100,1
1009,12510215,100,1
1009,12510216,100,1
1009,12510213,100,1
1009,12510212,100,1
1009,12310215,100,1
1009,12310214,100,1
1009,12310216,100,1
1009,12310218,100,1
1009,12310213,100,1
1009,12010090,100,1
1009,11910040,100,1
1009,11810012,100,1
1009,10210045,100,1
1009,10310039,100,1
1009,11610012,100,1
1009,10510028,100,1
1009,11510051,100,1
1009,11510052,100,1
1009,11510050,100,1
1009,10610049,100,1
1009,11410136,100,1
1009,11410137,100,1
1009,10810061,100,1
1009,10710048,100,1
1009,10910060,100,1
1009,12410317,100,1
1009,12410316,100,1
1009,12410323,100,1
1009,12410322,100,1
1009,12410318,100,1
1009,12410321,100,1
1009,12410319,100,1
1009,12410320,100,1
1009,12610243,100,1
1009,12610241,100,1
1009,12610244,100,1
1009,12610245,100,1
1009,12110174,100,1
1009,12110172,100,1
1009,12110175,100,1
1009,12210189,100,1
1009,12210191,100,1
1009,12210190,100,1
1009,12510221,100,1
1009,12510220,100,1
1009,12510218,100,1
1009,12510219,100,1
1009,12310224,100,1
1009,12310219,100,1
1009,12310222,100,1
1009,12310220,100,1
1009,12010093,100,1
1009,12010091,100,1
1009,12010092,100,1
1009,11910041,100,1
1009,11810013,100,1
1010,10410031,100,1
1010,11510053,100,1
1010,11710047,100,1
1010,11410138,100,1
1010,11410139,100,1
1010,10810062,100,1
1010,12410330,100,1
1010,12410329,100,1
1010,12410327,100,1
1010,12410324,100,1
1010,12410325,100,1
1010,12410326,100,1
1010,12410328,100,1
1010,12610247,100,1
1010,12610251,100,1
1010,12610249,100,1
1010,12610248,100,1
1010,12610250,100,1
1010,12610252,100,1
1010,12110176,100,1
1010,12110182,100,1
1010,12110180,100,1
1010,12110183,100,1
1010,12110179,100,1
1010,12110178,100,1
1010,12110177,100,1
1010,12110181,100,1
1010,12210198,100,1
1010,12210195,100,1
1010,12210199,100,1
1010,12210197,100,1
1010,12210196,100,1
1010,12210193,100,1
1010,12210192,100,1
1010,12210194,100,1
1010,12510222,100,1
1010,12510223,100,1
1010,12510227,100,1
1010,12510226,100,1
1010,12510225,100,1
1010,12510224,100,1
1010,12310225,100,1
1010,12310226,100,1
1010,12310228,100,1
1010,12310227,100,1
1010,12010096,100,1
1010,12010095,100,1
1010,12010097,100,1
1010,12010094,100,1
1010,12010098,100,1
1010,11910042,100,1
1010,10210046,100,1
1010,10310040,100,1
1010,11110015,100,1
1010,11210021,100,1
1010,11510055,100,1
1010,11510054,100,1
1010,10610050,100,1
1010,11410141,100,1
1010,11410140,100,1
1010,11410142,100,1
1010,11010058,100,1
1010,10810063,100,1
1010,10710050,100,1
1010,12410332,100,1
1010,12410334,100,1
1010,12410335,100,1
1010,12410337,100,1
1010,12410331,100,1
1010,12410333,100,1
1010,12410336,100,1
1010,12410338,100,1
1010,12610255,100,1
1010,12610253,100,1
1010,12610254,100,1
1010,12610259,100,1
1010,12610260,100,1
1010,12610257,100,1
1010,12610258,100,1
1010,12610256,100,1
1010,12110184,100,1
1010,12110187,100,1
1010,12110186,100,1
1010,12110185,100,1
1010,12210205,100,1
1010,12210203,100,1
1010,12210202,100,1
1010,12210201,100,1
1010,12210200,100,1
1010,12210204,100,1
1010,12510228,100,1
1010,12510230,100,1
1010,12510232,100,1
1010,12510229,100,1
1010,12510231,100,1
1010,12310229,100,1
1010,12310230,100,1
1010,12310231,100,1
1010,12010099,100,1
1010,12010101,100,1
1010,12010100,100,1
1010,11910044,100,1
1010,11910043,100,1
1011,10110044,100,1
1011,10110043,100,1
1011,10410032,100,1
1011,11110016,100,1
1011,11210022,100,1
1011,11510056,100,1
1011,11310028,100,1
1011,11410143,100,1
1011,11410145,100,1
1011,11410144,100,1
1011,11410146,100,1
1011,10810065,100,1
1011,10810068,100,1
1011,10810066,100,1
1011,10810067,100,1
1011,10710052,100,1
1011,10710051,100,1
1011,12410339,100,1
1011,12410345,100,1
1011,12410347,100,1
1011,12410340,100,1
1011,12410344,100,1
1011,12410346,100,1
1011,12410342,100,1
1011,12410343,100,1
1011,12410341,100,1
1011,12610261,100,1
1011,12610266,100,1
1011,12610264,100,1
1011,12610267,100,1
1011,12610265,100,1
1011,12610263,100,1
1011,12610262,100,1
1011,12110189,100,1
1011,12110188,100,1
1011,12110190,100,1
1011,12110196,100,1
1011,12110193,100,1
1011,12110192,100,1
1011,12110195,100,1
1011,12110194,100,1
1011,12110191,100,1
1011,12210206,100,1
1011,12210207,100,1
1011,12210208,100,1
1011,12210209,100,1
1011,12210210,100,1
1011,12510234,100,1
1011,12510237,100,1
1011,12510238,100,1
1011,12510236,100,1
1011,12510233,100,1
1011,12510235,100,1
1011,12310232,100,1
1011,12310237,100,1
1011,12310236,100,1
1011,12310233,100,1
1011,12310234,100,1
1011,12310235,100,1
1011,12010104,100,1
1011,12010106,100,1
1011,12010103,100,1
1011,12010105,100,1
1011,12010102,100,1
1011,11810014,100,1
1011,11810015,100,1
1011,10210047,100,1
1011,10110046,100,1
1011,10110045,100,1
1011,10510030,100,1
1011,10510029,100,1
1011,11510057,100,1
1011,11510058,100,1
1011,11310029,100,1
1011,11410148,100,1
1011,11410147,100,1
1011,11410149,100,1
1011,11010059,100,1
1011,12410349,100,1
1011,12410350,100,1
1011,12410358,100,1
1011,12410357,100,1
1011,12410356,100,1
1011,12410352,100,1
1011,12410355,100,1
1011,12410353,100,1
1011,12410348,100,1
1011,12410354,100,1
1011,12410351,100,1
1011,12610268,100,1
1011,12610269,100,1
1011,12610271,100,1
1011,12610273,100,1
1011,12610272,100,1
1011,12610270,100,1
1011,12610274,100,1
1011,12110200,100,1
1011,12110197,100,1
1011,12110198,100,1
1011,12110199,100,1
1011,12110201,100,1
1011,12210215,100,1
1011,12210211,100,1
1011,12210214,100,1
1011,12210212,100,1
1011,12210213,100,1
1011,12210216,100,1
1011,12510239,100,1
1011,12510243,100,1
1011,12510242,100,1
1011,12510240,100,1
1011,12510241,100,1
1011,12310240,100,1
1011,12310238,100,1
1011,12310239,100,1
1011,12310241,100,1
1011,12310242,100,1
1011,12010107,100,1
1011,11910045,100,1
1011,11810016,100,1
1011,10310042,100,1
1011,10410033,100,1
1011,11110017,100,1
1011,11210023,100,1
1011,11310030,100,1
1011,11710048,100,1
1011,11410151,100,1
1011,11410152,100,1
1011,11410150,100,1
1011,11010060,100,1
1011,11010061,100,1
1011,10910061,100,1
1011,12410360,100,1
1011,12410361,100,1
1011,12410365,100,1
1011,12410366,100,1
1011,12410368,100,1
1011,12410364,100,1
1011,12410359,100,1
1011,12410362,100,1
1011,12410367,100,1
1011,12410363,100,1
1011,12610277,100,1
1011,12610275,100,1
1011,12610278,100,1
1011,12610276,100,1
1011,12110206,100,1
1011,12110205,100,1
1011,12110204,100,1
1011,12110207,100,1
1011,12110202,100,1
1011,12110203,100,1
1011,12210217,100,1
1011,12210220,100,1
1011,12210221,100,1
1011,12210219,100,1
1011,12210218,100,1
1011,12510246,100,1
1011,12510244,100,1
1011,12510247,100,1
1011,12510245,100,1
1011,12310243,100,1
1011,12310247,100,1
1011,12310244,100,1
1011,12310246,100,1
1011,12310245,100,1
1011,12010109,100,1
1011,12010110,100,1
1011,12010108,100,1
1011,11910047,100,1
1011,11910046,100,1
1011,11910048,100,1
1011,11810017,100,1
1012,10210048,100,1
1012,11610013,100,1
1012,11510059,100,1
1012,11510060,100,1
1012,10610051,100,1
1012,11410153,100,1
1012,11410154,100,1
1012,11010062,100,1
1012,11010063,100,1
1012,10810069,100,1
1012,10710053,100,1
1012,12410371,100,1
1012,12410369,100,1
1012,12410375,100,1
1012,12410374,100,1
1012,12410376,100,1
1012,12410373,100,1
1012,12410370,100,1
1012,12410372,100,1
1012,12410377,100,1
1012,12610287,100,1
1012,12610288,100,1
1012,12610281,100,1
1012,12610286,100,1
1012,12610285,100,1
1012,12610282,100,1
1012,12610284,100,1
1012,12110209,100,1
1012,12110208,100,1
1012,12110215,100,1
1012,12110216,100,1
1012,12110212,100,1
1012,12110211,100,1
1012,12110210,100,1
1012,12110214,100,1
1012,12210227,100,1
1012,12210223,100,1
1012,12210225,100,1
1012,12210228,100,1
1012,12210224,100,1
1012,12210226,100,1
1012,12210222,100,1
1012,12510253,100,1
1012,12510252,100,1
1012,12510250,100,1
1012,12510248,100,1
1012,12510251,100,1
1012,12510249,100,1
1012,12310251,100,1
1012,12310249,100,1
1012,12310248,100,1
1012,12310250,100,1
1012,12310252,100,1
1012,12310253,100,1
1012,12010112,100,1
1012,12010113,100,1
1012,11910050,100,1
1012,11910049,100,1
1012,10110047,100,1
1012,10310043,100,1
1012,10410034,100,1
1012,11510061,100,1
1012,11310032,100,1
1012,11310031,100,1
1012,11410155,100,1
1012,11410157,100,1
1012,11410156,100,1
1012,11010064,100,1
1012,10910062,100,1
1012,12410389,100,1
1012,12410382,100,1
1012,12410388,100,1
1012,12410379,100,1
1012,12410378,100,1
1012,12410386,100,1
1012,12410387,100,1
1012,12410384,100,1
1012,12410381,100,1
1012,12410385,100,1
1012,12410380,100,1
1012,12410383,100,1
1012,12610293,100,1
1012,12610292,100,1
1012,12610290,100,1
1012,12610291,100,1
1012,12610289,100,1
1012,12110225,100,1
1012,12110217,100,1
1012,12110224,100,1
1012,12110219,100,1
1012,12110223,100,1
1012,12110218,100,1
1012,12110221,100,1
1012,12110220,100,1
1012,12110222,100,1
1012,12210230,100,1
1012,12210231,100,1
1012,12210236,100,1
1012,12210235,100,1
1012,12210234,100,1
1012,12210229,100,1
1012,12210232,100,1
1012,12210233,100,1
1012,12510254,100,1
1012,12510259,100,1
1012,12510255,100,1
1012,12510258,100,1
1012,12510260,100,1
1012,12510257,100,1
1012,12510256,100,1
1012,12310254,100,1
1012,12310256,100,1
1012,12310257,100,1
1012,12310255,100,1
1012,12010116,100,1
1012,12010115,100,1
1012,12010117,100,1
1012,11910051,100,1
1012,10210049,100,1
1012,10410035,100,1
1012,10410036,100,1
1012,10510033,100,1
1012,10510032,100,1
1012,11510062,100,1
1012,11310033,100,1
1012,11710050,100,1
1012,10610052,100,1
1012,10610053,100,1
1012,11410158,100,1
1012,11410159,100,1
1012,11010069,100,1
1012,11010068,100,1
1012,11010066,100,1
1012,11010065,100,1
1012,10910064,100,1
1012,10910063,100,1
1012,10910065,100,1
1012,12410391,100,1
1012,12410392,100,1
1012,12410393,100,1
1012,12410390,100,1
1012,12410397,100,1
1012,12410399,100,1
1012,12410398,100,1
1012,12410396,100,1
1012,12410401,100,1
1012,12610303,100,1
1012,12610294,100,1
1012,12610305,100,1
1012,12610306,100,1
1012,12610302,100,1
1012,12610300,100,1
1012,12610295,100,1
1012,12610301,100,1
1012,12610296,100,1
1012,12610299,100,1
1012,12610304,100,1
1012,12610298,100,1
1012,12610297,100,1
1012,12110234,100,1
1012,12110228,100,1
1012,12110229,100,1
1012,12110235,100,1
1012,12110232,100,1
1012,12110227,100,1
1012,12110226,100,1
1012,12110230,100,1
1012,12110231,100,1
1012,12210240,100,1
1012,12210238,100,1
1012,12210241,100,1
1012,12210239,100,1
1012,12210242,100,1
1012,12510268,100,1
1012,12510265,100,1
1012,12510267,100,1
1012,12510262,100,1
1012,12510263,100,1
1012,12510264,100,1
1012,12310260,100,1
1012,12310259,100,1
1012,12310258,100,1
1012,12010122,100,1
1012,12010123,100,1
1012,11910054,100,1
1012,11910056,100,1
1012,11910053,100,1
1012,11910055,100,1
1012,11910052,100,1
1012,11810019,100,1
1012,11810021,100,1
1012,11810022,100,1
1012,11810018,100,1
1012,11810020,100,1
1012,11810023,100,1
1013,10210050,100,1
1013,10410037,100,1
1013,11510064,100,1
1013,11310034,100,1
1013,11310035,100,1
1013,10610055,100,1
1013,11410161,100,1
1013,11410160,100,1
1013,10810070,100,1
1013,10710054,100,1
1013,10710055,100,1
1013,12410403,100,1
1013,12410402,100,1
1013,12410410,100,1
1013,12410411,100,1
1013,12410409,100,1
1013,12410408,100,1
1013,12410406,100,1
1013,12410407,100,1
1013,12410404,100,1
1013,12410405,100,1
1013,12610309,100,1
1013,12610310,100,1
1013,12610307,100,1
1013,12110238,100,1
1013,12110236,100,1
1013,12110240,100,1
1013,12110239,100,1
1013,12110237,100,1
1013,12110241,100,1
1013,12210243,100,1
1013,12210244,100,1
1013,12210250,100,1
1013,12210249,100,1
1013,12210245,100,1
1013,12210246,100,1
1013,12210248,100,1
1013,12510270,100,1
1013,12510273,100,1
1013,12510274,100,1
1013,12310262,100,1
1013,12310264,100,1
1013,12310263,100,1
1013,12310265,100,1
1013,12010125,100,1
1013,12010127,100,1
1013,12010126,100,1
1013,12010124,100,1
1014,10310044,100,1
1014,11510065,100,1
1014,10610056,100,1
1014,11410163,100,1
1014,11410165,100,1
1014,11410164,100,1
1014,11010070,100,1
1014,10710057,100,1
1014,10910067,100,1
1014,12410414,100,1
1014,12410412,100,1
1014,12410419,100,1
1014,12410420,100,1
1014,12410421,100,1
1014,12410413,100,1
1014,12410417,100,1
1014,12410418,100,1
1014,12410416,100,1
1014,12410415,100,1
1014,12610312,100,1
1014,12610315,100,1
1014,12610317,100,1
1014,12610316,100,1
1014,12610313,100,1
1014,12110246,100,1
1014,12110242,100,1
1014,12110247,100,1
1014,12110245,100,1
1014,12110244,100,1
1014,12110243,100,1
1014,12210251,100,1
1014,12210256,100,1
1014,12210257,100,1
1014,12210254,100,1
1014,12210255,100,1
1014,12210252,100,1
1014,12210253,100,1
1014,12210258,100,1
1014,12510275,100,1
1014,12510277,100,1
1014,12510278,100,1
1014,12010128,100,1
1014,12010129,100,1
1014,11910057,100,1
1015,10210051,100,1
1015,10110048,100,1
1015,10410038,100,1
1015,11510066,100,1
1015,11410167,100,1
1015,11410166,100,1
1015,12410422,100,1
1015,12410423,100,1
1015,12410425,100,1
1015,12410424,100,1
1015,12610318,100,1
1015,12610321,100,1
1015,12610320,100,1
1015,12610319,100,1
1015,12610322,100,1
1015,12110248,100,1
1015,12110254,100,1
1015,12110250,100,1
1015,12110253,100,1
1015,12110251,100,1
1015,12110252,100,1
1015,12110249,100,1
1015,12210259,100,1
1015,12210260,100,1
1015,12210265,100,1
1015,12210264,100,1
1015,12210263,100,1
1015,12210262,100,1
1015,12210261,100,1
1015,12010131,100,1
1015,11910059,100,1
1016,11510067,100,1
1016,11510068,100,1
1016,11710051,100,1
1016,11410168,100,1
1016,11410169,100,1
1016,10710058,100,1
1016,10910068,100,1
1016,12410433,100,1
1016,12410432,100,1
1016,12410431,100,1
1016,12410426,100,1
1016,12410429,100,1
1016,12410430,100,1
1016,12410427,100,1
1016,12410428,100,1
1016,12110255,100,1
1016,12110257,100,1
1016,12110256,100,1
1016,12110258,100,1
1016,12010132,100,1
1016,12010133,100,1
1103,11720002,100,1
1103,10120001,100,1
1103,10120002,100,1
1103,11320001,100,1
1103,11020002,100,1
1103,11020003,100,1
1103,10720003,100,1
1103,10220002,100,1
1103,10220003,100,1
1103,10520001,100,1
1103,11720003,100,1
1103,10820002,100,1
1103,12620002,100,1
1103,12320003,100,1
1103,10220004,100,1
1103,11520001,100,1
1103,10620003,100,1
1103,12420005,100,1
1103,12520001,100,1
1103,12020003,100,1
1103,12020005,100,1
1103,10120003,100,1
1103,10320001,100,1
1103,10620004,100,1
1103,10720005,100,1
1103,10720004,100,1
1103,10920001,100,1
1103,12020006,100,1
1103,10620009,100,1
1103,10620007,100,1
1103,10620006,100,1
1103,10620008,100,1
1103,11420005,100,1
1103,11020005,100,1
1103,11020004,100,1
1103,10820003,100,1
1103,10920002,100,1
1103,12420006,100,1
1103,12420007,100,1
1103,12620003,100,1
1103,12320004,100,1
1104,10120004,100,1
1104,10320002,100,1
1104,10420001,100,1
1104,10820004,100,1
1104,10720006,100,1
1104,10920004,100,1
1104,10920005,100,1
1104,12420009,100,1
1104,12420011,100,1
1104,12420010,100,1
1104,12620004,100,1
1104,12220004,100,1
1104,12520002,100,1
1104,12020007,100,1
1104,10120005,100,1
1104,10320003,100,1
1104,11020006,100,1
1104,11020007,100,1
1104,10920007,100,1
1104,10920006,100,1
1104,10920009,100,1
1104,10920008,100,1
1104,12420012,100,1
1104,12420013,100,1
1104,12520003,100,1
1104,10520002,100,1
1104,11720004,100,1
1104,10620010,100,1
1104,11020008,100,1
1104,11020009,100,1
1104,10820005,100,1
1104,10720007,100,1
1104,12620005,100,1
1104,12520004,100,1
1104,10220005,100,1
1104,10220006,100,1
1104,10120006,100,1
1104,10320004,100,1
1104,11520002,100,1
1104,11020010,100,1
1104,10820006,100,1
1104,10920010,100,1
1104,12320005,100,1
1104,10220007,100,1
1104,10320005,100,1
1104,10520003,100,1
1104,11720005,100,1
1104,10620012,100,1
1104,11420007,100,1
1104,11020011,100,1
1104,10820008,100,1
1104,12420014,100,1
1104,12620006,100,1
1104,12220006,100,1
1104,12320006,100,1
1104,12020009,100,1
1104,12020010,100,1
1104,12020008,100,1
1105,11320002,100,1
1105,11420008,100,1
1105,10720011,100,1
1105,10720010,100,1
1105,10720009,100,1
1105,12420015,100,1
1105,12420016,100,1
1105,12420017,100,1
1105,12620008,100,1
1105,12620007,100,1
1105,12220007,100,1
1105,12520005,100,1
1105,12020012,100,1
1105,10220008,100,1
1105,10320006,100,1
1105,10620014,100,1
1105,11420009,100,1
1105,11020013,100,1
1105,11020012,100,1
1105,10820009,100,1
1105,10920012,100,1
1105,12420018,100,1
1105,12420019,100,1
1105,12220008,100,1
1105,12520006,100,1
1105,12020013,100,1
1105,10120009,100,1
1105,10420003,100,1
1105,10420004,100,1
1105,10620015,100,1
1105,10920013,100,1
1105,10920014,100,1
1105,12620009,100,1
1105,12620010,100,1
1105,12120005,100,1
1105,12120003,100,1
1105,12220010,100,1
1105,12520007,100,1
1105,10120010,100,1
1105,10320007,100,1
1105,10520004,100,1
1105,10820010,100,1
1105,12120006,100,1
1105,12120007,100,1
1105,12520008,100,1
1105,11920002,100,1
1105,11920003,100,1
1105,10220009,100,1
1105,10220010,100,1
1105,10520005,100,1
1105,11720006,100,1
1105,11020015,100,1
1105,11020014,100,1
1105,10920016,100,1
1105,12420021,100,1
1105,12420020,100,1
1105,12320008,100,1
1105,12020014,100,1
1105,12020015,100,1
1106,10220012,100,1
1106,10320008,100,1
1106,10520006,100,1
1106,11520004,100,1
1106,11720007,100,1
1106,10820012,100,1
1106,10820013,100,1
1106,10920017,100,1
1106,12420022,100,1
1106,12420023,100,1
1106,12620011,100,1
1106,12120009,100,1
1106,12220011,100,1
1106,12520010,100,1
1106,12020018,100,1
1106,12020020,100,1
1106,12020019,100,1
1106,12020017,100,1
1106,12020016,100,1
1106,11920006,100,1
1106,11920007,100,1
1106,11920005,100,1
1106,10220013,100,1
1106,11420011,100,1
1106,11020016,100,1
1106,11020017,100,1
1106,10820014,100,1
1106,10920018,100,1
1106,10920019,100,1
1106,12420025,100,1
1106,12420024,100,1
1106,12620012,100,1
1106,12220012,100,1
1106,12020022,100,1
1106,12020021,100,1
1106,10220015,100,1
1106,10220014,100,1
1106,10120011,100,1
1106,10320010,100,1
1106,10620017,100,1
1106,11420013,100,1
1106,11020018,100,1
1106,10820015,100,1
1106,10820016,100,1
1106,10720012,100,1
1106,10920020,100,1
1106,12420027,100,1
1106,12620014,100,1
1106,12620013,100,1
1106,12120011,100,1
1106,12120013,100,1
1106,12320010,100,1
1106,12020024,100,1
1106,12020023,100,1
1106,11920009,100,1
1106,10420005,100,1
1106,11520005,100,1
1106,11320004,100,1
1106,11720008,100,1
1106,10620018,100,1
1106,11420014,100,1
1106,11020019,100,1
1106,10820017,100,1
1106,10720014,100,1
1106,10720013,100,1
1106,12420028,100,1
1106,12420029,100,1
1106,12420030,100,1
1106,12620015,100,1
1106,12120014,100,1
1106,12220015,100,1
1106,12220014,100,1
1106,12320011,100,1
1106,12020025,100,1
1106,10120012,100,1
1106,10120013,100,1
1106,10420006,100,1
1106,11720009,100,1
1106,11020020,100,1
1106,10820018,100,1
1106,10720015,100,1
1106,10920022,100,1
1106,12420032,100,1
1106,12520012,100,1
1106,12320012,100,1
1107,10220016,100,1
1107,10220017,100,1
1107,10120016,100,1
1107,10120015,100,1
1107,10120014,100,1
1107,10320011,100,1
1107,10420007,100,1
1107,11520008,100,1
1107,11520007,100,1
1107,11520006,100,1
1107,11720011,100,1
1107,11720010,100,1
1107,11720012,100,1
1107,11720013,100,1
1107,10620019,100,1
1107,11020021,100,1
1107,12420035,100,1
1107,12420034,100,1
1107,12120016,100,1
1107,12320013,100,1
1107,10320012,100,1
1107,10420008,100,1
1107,11720014,100,1
1107,11020022,100,1
1107,11020023,100,1
1107,12420036,100,1
1107,12520013,100,1
1107,12320014,100,1
1107,11920010,100,1
1107,10220018,100,1
1107,10520007,100,1
1107,11720015,100,1
1107,11420015,100,1
1107,10820019,100,1
1107,12620017,100,1
1107,12120017,100,1
1107,12520015,100,1
1107,10420009,100,1
1107,10420010,100,1
1107,10520009,100,1
1107,11520009,100,1
1107,11020024,100,1
1107,12120018,100,1
1107,12220017,100,1
1107,12020026,100,1
1107,11920011,100,1
1107,11820001,100,1
1107,10220021,100,1
1107,10120018,100,1
1107,10120017,100,1
1107,10320013,100,1
1107,11520010,100,1
1107,11520011,100,1
1107,11020026,100,1
1107,11020025,100,1
1107,11020027,100,1
1107,10920023,100,1
1107,12420038,100,1
1107,12620018,100,1
1107,12120019,100,1
1107,12020028,100,1
1107,11920013,100,1
1107,11920012,100,1
1108,10220022,100,1
1108,10820020,100,1
1108,10820021,100,1
1108,10720017,100,1
1108,10720016,100,1
1108,12420039,100,1
1108,12120021,100,1
1108,12220019,100,1
1108,12220018,100,1
1108,11820002,100,1
1108,11420016,100,1
1108,11020028,100,1
1108,10820022,100,1
1108,12520017,100,1
1108,12020030,100,1
1108,10420011,100,1
1108,10420012,100,1
1108,10620024,100,1
1108,10620023,100,1
1108,11020029,100,1
1108,10820023,100,1
1108,10920025,100,1
1108,10920024,100,1
1108,12120023,100,1
1108,12120022,100,1
1108,11920014,100,1
1108,11920015,100,1
1108,10220023,100,1
1108,10320015,100,1
1108,10420013,100,1
1108,11420017,100,1
1108,10720018,100,1
1108,12120024,100,1
1108,12520020,100,1
1108,12020031,100,1
1108,10120021,100,1
1108,10320016,100,1
1108,11720016,100,1
1108,11020031,100,1
1108,11020033,100,1
1108,10920026,100,1
1108,12420041,100,1
1108,12120026,100,1
1108,12520021,100,1
1108,12320016,100,1
1108,11920017,100,1
1109,10220026,100,1
1109,10220025,100,1
1109,10220027,100,1
1109,10520010,100,1
1109,11720017,100,1
1109,11020034,100,1
1109,10820025,100,1
1109,12420043,100,1
1109,12620022,100,1
1109,12620021,100,1
1109,12120029,100,1
1109,12120028,100,1
1109,12520025,100,1
1109,12520024,100,1
1109,12520023,100,1
1109,12520022,100,1
1109,12020032,100,1
1109,11320005,100,1
1109,10920028,100,1
1109,10920029,100,1
1109,12420048,100,1
1109,12420047,100,1
1109,12420045,100,1
1109,12120030,100,1
1109,12220021,100,1
1109,11920019,100,1
1109,11920021,100,1
1109,11820003,100,1
1109,10220028,100,1
1109,10220030,100,1
1109,10220029,100,1
1109,10320018,100,1
1109,10320017,100,1
1109,10320019,100,1
1109,11720019,100,1
1109,10620027,100,1
1109,10620026,100,1
1109,10620028,100,1
1109,10920030,100,1
1109,12420050,100,1
1109,12420053,100,1
1109,12420054,100,1
1109,12420051,100,1
1109,12420049,100,1
1109,12620024,100,1
1109,12120034,100,1
1109,12120032,100,1
1109,12120036,100,1
1109,12120033,100,1
1109,12220023,100,1
1109,12320018,100,1
1109,12020034,100,1
1109,12020033,100,1
1109,11920022,100,1
1109,11820014,100,1
1109,11820008,100,1
1109,11820013,100,1
1109,11820010,100,1
1109,11820011,100,1
1109,11820007,100,1
1109,11820006,100,1
1109,11820005,100,1
1109,11820009,100,1
1109,11820012,100,1
1110,10420014,100,1
1110,10620029,100,1
1110,11020036,100,1
1110,10820026,100,1
1110,10720021,100,1
1110,10720020,100,1
1110,12520030,100,1
1110,12020036,100,1
1110,11520014,100,1
1110,10620030,100,1
1110,11420019,100,1
1110,11020038,100,1
1110,10820028,100,1
1110,10920034,100,1
1110,12420055,100,1
1110,12420057,100,1
1110,12620030,100,1
1110,12120041,100,1
1110,12120040,100,1
1110,12220026,100,1
1110,12220027,100,1
1110,12520033,100,1
1111,10220033,100,1
1111,10420015,100,1
1111,10520012,100,1
1111,11020039,100,1
1111,10720024,100,1
1111,10920036,100,1
1111,10920035,100,1
1111,12420061,100,1
1111,12420060,100,1
1111,12620031,100,1
1111,12620032,100,1
1111,12620034,100,1
1111,12120043,100,1
1111,12520035,100,1
1111,12520036,100,1
1111,12320024,100,1
1111,12320023,100,1
1111,12320022,100,1
1111,12020040,100,1
1111,11920025,100,1
1111,11820015,100,1
1111,11820016,100,1
1111,10220037,100,1
1111,10220035,100,1
1111,10120025,100,1
1111,10420016,100,1
1111,10520013,100,1
1111,10620032,100,1
1111,11420022,100,1
1111,11020042,100,1
1111,10720025,100,1
1111,10920038,100,1
1111,12620036,100,1
1111,12120048,100,1
1111,12220032,100,1
1111,12220033,100,1
1111,12520038,100,1
1111,12320025,100,1
1111,12020041,100,1
1111,11920027,100,1
1111,10220038,100,1
1111,10120026,100,1
1111,10320022,100,1
1111,10320023,100,1
1111,11720024,100,1
1111,11020043,100,1
1111,11020044,100,1
1111,10820033,100,1
1111,10820031,100,1
1111,10920042,100,1
1111,10920040,100,1
1111,10920041,100,1
1111,12420065,100,1
1111,12420068,100,1
1111,12420069,100,1
1111,12420066,100,1
1111,12420067,100,1
1111,12120051,100,1
1111,12220040,100,1
1111,12520047,100,1
1111,12020043,100,1
1111,11920030,100,1
1112,10220040,100,1
1112,10320024,100,1
1112,10520015,100,1
1112,11720025,100,1
1112,12420073,100,1
1112,12420071,100,1
1112,12620052,100,1
1112,12620050,100,1
1112,12620046,100,1
1112,12220041,100,1
1112,12520062,100,1
1112,12320031,100,1
1112,12320030,100,1
1112,11920041,100,1
1112,11920036,100,1
1112,11920046,100,1
1112,11820020,100,1
1112,11520020,100,1
1112,11520019,100,1
1112,11520018,100,1
1112,11720026,100,1
1112,11420025,100,1
1112,11420024,100,1
1112,10820035,100,1
1112,12420075,100,1
1112,12620054,100,1
1112,12620072,100,1
1112,12220044,100,1
1112,12220042,100,1
1112,12520063,100,1
1112,12320035,100,1
1112,12320036,100,1
1112,12320038,100,1
1112,12020058,100,1
1112,12020046,100,1
1112,11920050,100,1
1112,11920052,100,1
1112,11820022,100,1
1112,10220044,100,1
1112,10120030,100,1
1112,10320025,100,1
1112,11620001,100,1
1112,10420022,100,1
1112,11120002,100,1
1112,11220002,100,1
1112,11520021,100,1
1112,11320009,100,1
1112,11720028,100,1
1112,10620037,100,1
1112,10620036,100,1
1112,10620039,100,1
1112,10820037,100,1
1112,10720030,100,1
1112,10920047,100,1
1112,10920045,100,1
1112,12420078,100,1
1112,12420080,100,1
1112,12120062,100,1
1112,12220064,100,1
1112,12220057,100,1
1112,12220055,100,1
1112,12520078,100,1
1112,12320044,100,1
1112,12320042,100,1
1112,12020068,100,1
1112,12020065,100,1
1112,12020070,100,1
1112,12020074,100,1
1112,12020067,100,1
1112,12020066,100,1
1112,11920058,100,1
1112,11920054,100,1
1112,11920059,100,1
1112,11820030,100,1
1112,11820032,100,1
1112,11820025,100,1
1112,11820029,100,1
1113,10220046,100,1
1113,10420024,100,1
1113,10520016,100,1
1113,11520025,100,1
1113,11520023,100,1
1113,11020048,100,1
1113,10820041,100,1
1113,10820042,100,1
1113,10720031,100,1
1113,10920051,100,1
1113,12420089,100,1
1113,12420082,100,1
1113,12420086,100,1
1113,12620080,100,1
1113,12120069,100,1
1113,12220068,100,1
1113,12220069,100,1
1113,12220076,100,1
1113,12220079,100,1
1113,12220067,100,1
1113,12520090,100,1
1113,12320045,100,1
1113,12020085,100,1
1113,12020083,100,1
1113,12020080,100,1
1113,12020077,100,1
1113,11920063,100,1
1113,11920062,100,1
1113,11820035,100,1
1113,11820039,100,1
1113,11820037,100,1
1114,10220048,100,1
1114,10320028,100,1
1114,10420027,100,1
1114,11320014,100,1
1114,11320013,100,1
1114,11720030,100,1
1114,11720031,100,1
1114,10620042,100,1
1114,10620044,100,1
1114,11420030,100,1
1114,11420035,100,1
1114,11420034,100,1
1114,11420032,100,1
1114,11420031,100,1
1114,11020050,100,1
1114,11020051,100,1
1114,10820047,100,1
1114,10820045,100,1
1114,10720033,100,1
1114,12420094,100,1
1114,12420092,100,1
1114,12420098,100,1
1114,12420097,100,1
1114,12420090,100,1
1114,12620103,100,1
1114,12120083,100,1
1114,12120081,100,1
1114,12120085,100,1
1114,12520093,100,1
1114,12520104,100,1
1114,12520094,100,1
1114,12520102,100,1
1114,12320073,100,1
1114,12320071,100,1
1114,12020088,100,1
1114,12020089,100,1
1114,11820044,100,1
1115,10220052,100,1
1115,10220053,100,1
1115,10220051,100,1
1115,10220054,100,1
1115,10220055,100,1
1115,10120034,100,1
1115,10320032,100,1
1115,10320030,100,1
1115,10420028,100,1
1115,10420029,100,1
1115,11720034,100,1
1115,10620045,100,1
1115,11420039,100,1
1115,11020059,100,1
1115,11020056,100,1
1115,11020054,100,1
1115,10820049,100,1
1115,10820050,100,1
1115,10720035,100,1
1115,10920060,100,1
1115,10920061,100,1
1115,10920059,100,1
1115,12420104,100,1
1115,12420115,100,1
1115,12420114,100,1
1115,12420112,100,1
1115,12420109,100,1
1115,12420108,100,1
1115,12420107,100,1
1115,12620114,100,1
1115,12620119,100,1
1115,12620112,100,1
1115,12620113,100,1
1115,12620110,100,1
1115,12620115,100,1
1115,12120104,100,1
1115,12120110,100,1
1115,12120111,100,1
1115,12120106,100,1
1115,12220094,100,1
1115,12220089,100,1
1115,12520109,100,1
1115,12520116,100,1
1115,12520118,100,1
1115,12520115,100,1
1115,12520107,100,1
1115,12520113,100,1
1115,12520111,100,1
1115,12520110,100,1
1115,12320078,100,1
1115,12320080,100,1
1115,12320082,100,1
1115,12320077,100,1
1115,12020099,100,1
1115,12020106,100,1
1115,12020098,100,1
1115,12020103,100,1
1115,11920078,100,1
1115,11920075,100,1
1115,11920080,100,1
1115,11920081,100,1
1115,11920076,100,1
1115,11820046,100,1
1115,11820047,100,1
1115,11820048,100,1
1115,11820049,100,1
1115,11820045,100,1
1116,11320017,100,1
1116,12620120,100,1
1116,12220096,100,1
1116,12220098,100,1
1116,12220097,100,1
1207,10130001,100,1
1207,10630001,100,1
1207,11430001,100,1
1207,11030001,100,1
1207,10430001,100,1
1207,10830001,100,1
1207,10330001,100,1
1207,12430001,100,1
1208,10930001,100,1
1208,12630001,100,1
1208,11430002,100,1
1208,12030001,100,1
1208,10730001,100,1
1208,12430002,100,1
1208,10530001,100,1
1208,10630002,100,1
1209,10130002,100,1
1209,11430003,100,1
1209,11030002,100,1
1209,10830002,100,1
1209,11930001,100,1
1209,10230001,100,1
1209,12030002,100,1
1210,10430002,100,1
1210,10930002,100,1
1210,10630003,100,1
1210,10830003,100,1
1210,10330002,100,1
1210,12130001,100,1
1210,12230001,100,1
1211,11030004,100,1
1211,11830001,100,1
1211,10330003,100,1
1211,10730002,100,1
1211,10530002,100,1
1211,12030005,100,1
1212,11430004,100,1
1212,12630002,100,1
1212,12130003,100,1
1212,12530001,100,1
1212,10130003,100,1
1212,10530003,100,1
1212,12130016,100,1
1212,12530003,100,1
1212,12530002,100,1
1213,11930002,100,1
1213,11930003,100,1
1213,11930004,100,1
1213,11830002,100,1
1213,10630004,100,1
1213,12630019,100,1
1213,12130021,100,1
1213,12230002,100,1
1213,11930005,100,1
1214,11530001,100,1
1214,10830005,100,1
1214,12430023,100,1
1214,12430027,100,1
1214,12430026,100,1
1214,12430025,100,1
1214,12430024,100,1
1214,12130024,100,1
1214,12130023,100,1
1215,12230003,100,1
1215,12530020,100,1
1215,12530021,100,1
1215,12330001,100,1
1215,12330003,100,1
1215,12330002,100,1
1215,12030021,100,1
1215,10230003,100,1
1215,10130004,100,1
1216,11030005,100,1
1216,10830006,100,1
1216,10930005,100,1
1216,12430028,100,1
1216,12130025,100,1
1216,10330006,100,1
1216,11030006,100,1
1216,12530022,100,1
1216,11930006,100,1
314,30101002,100,1
314,30102002,100,1
314,30103002,100,1
314,30104002,100,1
314,30105002,100,1
314,30106002,100,1
314,30107002,100,1
314,30108002,100,1
314,30109002,100,1
316,30101001,100,1
316,30102001,100,1
316,30103001,100,1
316,30104001,100,1
316,30105001,100,1
316,30106001,100,1
316,30107001,100,1
316,30108001,100,1
316,30109001,100,1
317,30101003,100,1
317,30102003,100,1
317,30103003,100,1
317,30104003,100,1
317,30105003,100,1
317,30106003,100,1
317,30107003,100,1
317,30108003,100,1
317,30109003,100,1
318,30101004,100,1
318,30102004,100,1
318,30103004,100,1
318,30104004,100,1
318,30105004,100,1
318,30106004,100,1
318,30107004,100,1
318,30108004,100,1
318,30109004,100,1
319,20236018,100,1
319,20236019,100,1
319,20236020,100,1
319,20236021,100,1
319,20236022,100,1
320,20236021,100,1
320,20236022,100,1
321,20234003,100,1
321,20234006,100,1
321,20234009,100,1
321,20234010,100,1
321,20234014,100,1
321,20234022,100,1
321,20234024,100,1
321,20234029,100,1
321,20234013,100,1
321,20234015,100,1
321,20234019,100,1
321,20234031,100,1
321,20234002,100,1
321,20234004,100,1
321,20234018,100,1
321,20234020,100,1
321,20234027,100,1
401,20231001,100,1
401,20231002,100,1
401,20231003,100,1
401,20231004,100,1
401,20231005,100,1
401,20231006,100,1
401,20231007,100,1
401,20231008,100,1
401,20231009,100,1
402,20231010,100,1
402,20231011,100,1
402,20231012,100,1
402,20231013,100,1
402,20231014,100,1
402,20231015,100,1
402,20231016,100,1
402,20231017,100,1
402,20231018,100,1
403,20231019,100,1
403,20231020,100,1
403,20231021,100,1
403,20231022,100,1
403,20231023,100,1
403,20231024,100,1
403,20231025,100,1
403,20231026,100,1
403,20231027,100,1
404,20231028,100,1
404,20231029,100,1
404,20231030,100,1
404,20231031,100,1
404,20231032,100,1
404,20231033,100,1
404,20231034,100,1
404,20231035,100,1
404,20231036,100,1
405,20231037,100,1
405,20231038,100,1
405,20231039,100,1
405,20231040,100,1
405,20231041,100,1
405,20231042,100,1
405,20231043,100,1
405,20231044,100,1
405,20231045,100,1
406,20231046,100,1
406,20231047,100,1
406,20231048,100,1
406,20231049,100,1
406,20231050,100,1
406,20231051,100,1
406,20231052,100,1
406,20231053,100,1
406,20231054,100,1
412,12420006,200,1
412,12420005,200,1
412,12420007,200,1
412,12620003,200,1
412,12620002,200,1
412,12520001,200,1
412,12320004,200,1
412,12320003,200,1
412,12420009,100,1
412,12420012,100,1
412,12420011,100,1
412,12420010,100,1
412,12420013,100,1
412,12420014,100,1
412,12620006,100,1
412,12620004,100,1
412,12620005,100,1
412,12220004,100,1
412,12220006,100,1
412,12520002,100,1
412,12520003,100,1
412,12520004,100,1
412,12320005,100,1
412,12320006,100,1
413,12420018,270,1
413,12420021,270,1
413,12420015,270,1
413,12420016,270,1
413,12420017,270,1
413,12420019,270,1
413,12420020,270,1
413,12620009,270,1
413,12620008,270,1
413,12620010,270,1
413,12620007,270,1
413,12120005,270,1
413,12120006,270,1
413,12120003,270,1
413,12120007,270,1
413,12220010,270,1
413,12220007,270,1
413,12220008,270,1
413,12520006,270,1
413,12520007,270,1
413,12520008,270,1
413,12520005,270,1
413,12320008,270,1
413,12420027,230,1
413,12420028,230,1
413,12420029,230,1
413,12420025,230,1
413,12420032,230,1
413,12420022,230,1
413,12420023,230,1
413,12420024,230,1
413,12420030,230,1
413,12620015,230,1
413,12620012,230,1
413,12620014,230,1
413,12620011,230,1
413,12620013,230,1
413,12120009,230,1
413,12120011,230,1
413,12120014,230,1
413,12120013,230,1
413,12220015,230,1
413,12220012,230,1
413,12220011,230,1
413,12220014,230,1
413,12520012,230,1
413,12520010,230,1
413,12320011,230,1
413,12320010,230,1
413,12320012,230,1
414,12420035,130,1
414,12420034,130,1
414,12420036,130,1
414,12420038,130,1
414,12620018,130,1
414,12620017,130,1
414,12120016,130,1
414,12120019,130,1
414,12120018,130,1
414,12120017,130,1
414,12220017,130,1
414,12520013,130,1
414,12520015,130,1
414,12320014,130,1
414,12320013,130,1
414,12420039,150,1
414,12420041,150,1
414,12120026,150,1
414,12120023,150,1
414,12120024,150,1
414,12120021,150,1
414,12120022,150,1
414,12220019,150,1
414,12220018,150,1
414,12520017,150,1
414,12520021,150,1
414,12520020,150,1
414,12320016,150,1
414,12430001,100,1
414,12430002,100,1
414,12630001,100,1
415,12420048,430,1
415,12420050,430,1
415,12420053,430,1
415,12420043,430,1
415,12420047,430,1
415,12420054,430,1
415,12420051,430,1
415,12420045,430,1
415,12420049,430,1
415,12420055,430,1
415,12420057,430,1
415,12620022,430,1
415,12620024,430,1
415,12620030,430,1
415,12620021,430,1
415,12120029,430,1
415,12120030,430,1
415,12120041,430,1
415,12120034,430,1
415,12120028,430,1
415,12120032,430,1
415,12120036,430,1
415,12120033,430,1
415,12120040,430,1
415,12220026,430,1
415,12220027,430,1
415,12220021,430,1
415,12220023,430,1
415,12520033,430,1
415,12520025,430,1
415,12520024,430,1
415,12520023,430,1
415,12520030,430,1
415,12520022,430,1
415,12320018,430,1
415,12420065,350,1
415,12420061,350,1
415,12420060,350,1
415,12420068,350,1
415,12420073,350,1
415,12420069,350,1
415,12420066,350,1
415,12420071,350,1
415,12420067,350,1
415,12420075,350,1
415,12620031,350,1
415,12620054,350,1
415,12620052,350,1
415,12620032,350,1
415,12620036,350,1
415,12620072,350,1
415,12630002,350,1
415,12620050,350,1
415,12620034,350,1
415,12620046,350,1
415,12130001,350,1
415,12120048,350,1
415,12120051,350,1
415,12130003,350,1
415,12120043,350,1
415,12220032,350,1
415,12220040,350,1
415,12220044,350,1
415,12220033,350,1
415,12220042,350,1
415,12230001,350,1
415,12220041,350,1
415,12520035,350,1
415,12520062,350,1
415,12520036,350,1
415,12520063,350,1
415,12520038,350,1
415,12530001,350,1
415,12520047,350,1
415,12320024,350,1
415,12320023,350,1
415,12320022,350,1
415,12320025,350,1
415,12320035,350,1
415,12320031,350,1
415,12320030,350,1
415,12320036,350,1
415,12320038,350,1
415,12630002,300,1
415,12130001,300,1
415,12130003,300,1
415,12230001,300,1
415,12530001,300,1
416,12420104,100,1
416,12420089,100,1
416,12420078,100,1
416,12420094,100,1
416,12420080,100,1
416,12420115,100,1
416,12420114,100,1
416,12420092,100,1
416,12420098,100,1
416,12420082,100,1
416,12420086,100,1
416,12420097,100,1
416,12420090,100,1
416,12420112,100,1
416,12420109,100,1
416,12420108,100,1
416,12420107,100,1
416,12620114,100,1
416,12620103,100,1
416,12620119,100,1
416,12620112,100,1
416,12620113,100,1
416,12620120,100,1
416,12620080,100,1
416,12620110,100,1
416,12620115,100,1
416,12120083,100,1
416,12120104,100,1
416,12120110,100,1
416,12120111,100,1
416,12120069,100,1
416,12120081,100,1
416,12120106,100,1
416,12120085,100,1
416,12120062,100,1
416,12220068,100,1
416,12220069,100,1
416,12220096,100,1
416,12220098,100,1
416,12220076,100,1
416,12220079,100,1
416,12220097,100,1
416,12220064,100,1
416,12220094,100,1
416,12220057,100,1
416,12220067,100,1
416,12220089,100,1
416,12220055,100,1
416,12520093,100,1
416,12520109,100,1
416,12520104,100,1
416,12520078,100,1
416,12520116,100,1
416,12520118,100,1
416,12520094,100,1
416,12520115,100,1
416,12520102,100,1
416,12520107,100,1
416,12520113,100,1
416,12520090,100,1
416,12520111,100,1
416,12520110,100,1
416,12320044,100,1
416,12320045,100,1
416,12320078,100,1
416,12320080,100,1
416,12320082,100,1
416,12320042,100,1
416,12320073,100,1
416,12320077,100,1
416,12320071,100,1
416,12430023,30,1
416,12430027,30,1
416,12430026,30,1
416,12430025,30,1
416,12430028,30,1
416,12430024,30,1
416,12630019,30,1
416,12130024,30,1
416,12130016,30,1
416,12130023,30,1
416,12130025,30,1
416,12130021,30,1
416,12230002,30,1
416,12230003,30,1
416,12530022,30,1
416,12530003,30,1
416,12530020,30,1
416,12530002,30,1
416,12530021,30,1
416,12330001,30,1
416,12330003,30,1
416,12330002,30,1
422,12020003,400,1
422,12020005,400,1
422,12020006,400,1
422,12020009,300,1
422,12020010,300,1
422,12020007,300,1
422,12020008,300,1
423,12020012,280,1
423,12020013,280,1
423,12020014,280,1
423,12020015,280,1
423,11920002,280,1
423,11920003,280,1
423,12020018,120,1
423,12020024,120,1
423,12020020,120,1
423,12020019,120,1
423,12020022,120,1
423,12020017,120,1
423,12020016,120,1
423,12020021,120,1
423,12020025,120,1
423,12020023,120,1
423,11920006,120,1
423,11920007,120,1
423,11920005,120,1
423,11920009,120,1
424,12020026,180,1
424,12020028,180,1
424,11920010,180,1
424,11920013,180,1
424,11920011,180,1
424,11920012,180,1
424,11820001,180,1
424,12020031,210,1
424,12020030,210,1
424,11920017,210,1
424,11920014,210,1
424,11920015,210,1
424,11820002,210,1
424,12030001,120,1
425,12020034,170,1
425,12020033,170,1
425,12020032,170,1
425,12020036,170,1
425,11920019,170,1
425,11920022,170,1
425,11920021,170,1
425,11820014,170,1
425,11820008,170,1
425,11820013,170,1
425,11820010,170,1
425,11820011,170,1
425,11820007,170,1
425,11820003,170,1
425,11820006,170,1
425,11820005,170,1
425,11820009,170,1
425,11820012,170,1
425,12020058,180,1
425,12020040,180,1
425,12020046,180,1
425,12020043,180,1
425,12020041,180,1
425,11920041,180,1
425,11920030,180,1
425,11920025,180,1
425,11920027,180,1
425,11920050,180,1
425,11920052,180,1
425,11920036,180,1
425,11920046,180,1
425,11820015,180,1
425,11820016,180,1
425,11820022,180,1
425,11820020,180,1
425,12030002,75,1
425,11930001,75,1
425,12030005,75,1
425,11830001,75,1
426,12020068,100,1
426,12020065,100,1
426,12020070,100,1
426,12020074,100,1
426,12020085,100,1
426,12020083,100,1
426,12020088,100,1
426,12020080,100,1
426,12020099,100,1
426,12020106,100,1
426,12020089,100,1
426,12020077,100,1
426,12020098,100,1
426,12020103,100,1
426,12020067,100,1
426,12020066,100,1
426,11920058,100,1
426,11920078,100,1
426,11920075,100,1
426,11920080,100,1
426,11920054,100,1
426,11920063,100,1
426,11920081,100,1
426,11920076,100,1
426,11920059,100,1
426,11920062,100,1
426,11820046,100,1
426,11820030,100,1
426,11820035,100,1
426,11820047,100,1
426,11820039,100,1
426,11820048,100,1
426,11820049,100,1
426,11820045,100,1
426,11820032,100,1
426,11820037,100,1
426,11820025,100,1
426,11820044,100,1
426,11820029,100,1
426,12030021,50,1
426,11930002,50,1
426,11930003,50,1
426,11930004,50,1
426,11930006,50,1
426,11930005,50,1
426,11830002,50,1
427,20234003,150,1
427,20234006,150,1
427,20234009,150,1
427,20234010,150,1
427,20234014,150,1
427,20234022,150,1
427,20234024,150,1
427,20234029,150,1
427,20234013,125,1
427,20234015,125,1
427,20234002,50,1
427,20234019,125,1
427,20234031,125,1
427,20234020,50,1
427,20234004,50,1
427,20234011,0,1
427,20234018,50,1
427,20234027,50,1
427,28810003,50,1
427,28810006,50,1
427,28810009,50,1
427,28810010,50,1
427,28810014,50,1
427,28810022,50,1
427,28810024,50,1
427,28810029,50,1
427,28810013,10,1
427,28810015,10,1
427,28810002,2,1
427,28810019,10,1
427,28810031,10,1
427,28810020,2,1
427,28810004,2,1
427,28810011,0,1
427,28810018,2,1
427,28810027,2,1
427,20233001,150,1
427,20234001,150,1
427,30101001,100,1
427,30101002,30,1
427,30101003,10,1
427,30102001,100,1
427,30102002,30,1
427,30102003,10,1
427,30103001,100,1
427,30103002,30,1
427,30103003,10,1
427,30104001,100,1
427,30104002,30,1
427,30104003,10,1
427,30105001,100,1
427,30105002,30,1
427,30105003,10,1
427,30106001,100,1
427,30106002,30,1
427,30106003,10,1
427,30107001,100,1
427,30107002,30,1
427,30107003,10,1
427,30108001,100,1
427,30108002,30,1
427,30108003,10,1
427,30109001,100,1
427,30109002,30,1
427,30109003,10,1
427,30101004,2,1
427,30101005,1,1
427,30102004,2,1
427,30102005,1,1
427,30103004,2,1
427,30103005,1,1
427,30104004,2,1
427,30104005,1,1
427,30105004,2,1
427,30105005,1,1
427,30106004,2,1
427,30106005,1,1
427,30107004,2,1
427,30107005,1,1
427,30108004,2,1
427,30108005,1,1
427,30109004,2,1
427,30109005,1,1
427,20121002,400,1
427,20121003,100,1
427,20236003,1000,5
427,20230001,200,1
427,20230002,200,1
427,20230003,200,1
427,20231001,30,1
427,20231002,30,1
427,20231003,30,1
427,20231004,30,1
427,20231005,30,1
427,20231006,30,1
427,20231007,30,1
427,20231008,30,1
427,20231009,30,1
427,20231010,30,1
427,20231011,30,1
427,20231012,30,1
427,20231013,30,1
427,20231014,30,1
427,20231015,30,1
427,20231016,30,1
427,20231017,30,1
427,20231018,30,1
427,20231019,30,1
427,20231020,30,1
427,20231021,30,1
427,20231022,30,1
427,20231023,30,1
427,20231024,30,1
427,20231025,30,1
427,20231026,30,1
427,20231027,30,1
427,20231028,30,1
427,20231029,30,1
427,20231030,30,1
427,20231031,30,1
427,20231032,30,1
427,20231033,30,1
427,20231034,30,1
427,20231035,30,1
427,20231036,30,1
427,20231037,30,1
427,20231038,30,1
427,20231039,30,1
427,20231040,30,1
427,20231041,30,1
427,20231042,30,1
427,20231043,30,1
427,20231044,30,1
427,20231045,30,1
427,20231046,30,1
427,20231047,30,1
427,20231048,30,1
427,20231049,30,1
427,20231050,30,1
427,20231051,30,1
427,20231052,30,1
427,20231053,30,1
427,20231054,30,1
427,20235001,1000,5
427,20235002,500,2
427,20236001,20,1
427,20236002,20,1
427,20236018,100,1
427,20236019,62,1
427,20236020,62,1
427,20236021,10,1
427,20236022,10,1
427,20233004,400,1
427,20233005,100,1
501,20236017,100,1
428,20234007,100,1
428,20234011,100,1
428,20234012,100,1
428,20234016,100,1
428,20234026,100,1
428,20234028,100,1
429,20125041,5,1
429,20234016,80,1
429,20125049,100,1
429,20236011,30,2
429,20236011,45,1
429,20236010,60,3
429,20236010,80,2
429,20236010,100,1
429,20124001,40,1
429,20139002,100,1
429,20139001,100,3
429,29910001,200,60000
430,20234002,100,80
430,20234004,100,80
430,20234008,100,80
430,20234018,100,80
430,20234020,100,80
430,20234023,100,80
430,20234027,100,80
430,20234030,100,80
431,20234007,100,80
431,20234011,100,80
431,20234012,100,80
431,20234016,100,80
431,20234026,100,80
431,20234028,100,80
432,20234002,100,1
432,20234003,100,1
432,20234004,100,1
432,20234005,100,1
432,20234006,100,1
432,20234008,100,1
432,20234009,100,1
432,20234010,100,1
432,20234013,100,1
432,20234014,100,1
432,20234015,100,1
432,20234017,100,1
432,20234018,100,1
432,20234019,100,1
432,20234020,100,1
432,20234021,100,1
432,20234022,100,1
432,20234023,100,1
432,20234024,100,1
432,20234025,100,1
432,20234027,100,1
432,20234029,100,1
432,20234030,100,1
432,20234031,100,1
999,20234003,150,1
999,20234006,150,1
999,20234009,150,1
999,20234010,150,1
999,20234014,150,1
999,20234022,150,1
999,20234024,150,1
999,20234029,150,1
999,20234013,125,1
999,20234015,125,1
999,20234002,50,1
999,20234019,125,1
999,20234031,125,1
999,20234020,50,1
999,20234004,50,1
999,20234011,0,1
999,20234018,50,1
999,20234027,50,1
999,28810003,50,1
999,28810006,50,1
999,28810009,50,1
999,28810010,50,1
999,28810014,50,1
999,28810022,50,1
999,28810024,50,1
999,28810029,50,1
999,28810013,10,1
999,28810015,10,1
999,28810002,2,1
999,28810019,10,1
999,28810031,10,1
999,28810020,2,1
999,28810004,2,1
999,28810011,0,1
999,28810018,2,1
999,28810027,2,1
999,20233001,150,1
999,20234001,150,1
999,30101001,100,1
999,30101002,30,1
999,30101003,10,1
999,30102001,100,1
999,30102002,30,1
999,30102003,10,1
999,30103001,100,1
999,30103002,30,1
999,30103003,10,1
999,30104001,100,1
999,30104002,30,1
999,30104003,10,1
999,30105001,100,1
999,30105002,30,1
999,30105003,10,1
999,30106001,100,1
999,30106002,30,1
999,30106003,10,1
999,30107001,100,1
999,30107002,30,1
999,30107003,10,1
999,30108001,100,1
999,30108002,30,1
999,30108003,10,1
999,30109001,100,1
999,30109002,30,1
999,30109003,10,1
999,30101004,2,1
999,30101005,1,1
999,30102004,2,1
999,30102005,1,1
999,30103004,2,1
999,30103005,1,1
999,30104004,2,1
999,30104005,1,1
999,30105004,2,1
999,30105005,1,1
999,30106004,2,1
999,30106005,1,1
999,30107004,2,1
999,30107005,1,1
999,30108004,2,1
999,30108005,1,1
999,30109004,2,1
999,30109005,1,1
999,20121002,400,1
999,20121003,100,1
999,20236003,1000,5
999,20230001,200,1
999,20230002,200,1
999,20230003,200,1
999,20231001,30,1
999,20231002,30,1
999,20231003,30,1
999,20231004,30,1
999,20231005,30,1
999,20231006,30,1
999,20231007,30,1
999,20231008,30,1
999,20231009,30,1
999,20231010,30,1
999,20231011,30,1
999,20231012,30,1
999,20231013,30,1
999,20231014,30,1
999,20231015,30,1
999,20231016,30,1
999,20231017,30,1
999,20231018,30,1
999,20231019,30,1
999,20231020,30,1
999,20231021,30,1
999,20231022,30,1
999,20231023,30,1
999,20231024,30,1
999,20231025,30,1
999,20231026,30,1
999,20231027,30,1
999,20231028,30,1
999,20231029,30,1
999,20231030,30,1
999,20231031,30,1
999,20231032,30,1
999,20231033,30,1
999,20231034,30,1
999,20231035,30,1
999,20231036,30,1
999,20231037,30,1
999,20231038,30,1
999,20231039,30,1
999,20231040,30,1
999,20231041,30,1
999,20231042,30,1
999,20231043,30,1
999,20231044,30,1
999,20231045,30,1
999,20231046,30,1
999,20231047,30,1
999,20231048,30,1
999,20231049,30,1
999,20231050,30,1
999,20231051,30,1
999,20231052,30,1
999,20231053,30,1
999,20231054,30,1
999,20235001,1000,5
999,20235002,500,2
999,20236001,20,1
999,20236002,20,1
999,20236018,100,1
999,20236019,62,1
999,20236020,62,1
999,20236021,10,1
999,20236022,10,1
999,20233004,400,1
999,20233005,100,1

