id,actor,slot,equip_id,scene_stage,boss,npc_index,mission_id,activity_id,ui_name
物品,actor,slot,装备部位图标,关卡,boss,商店,任务,活动,招募界面-DrawCardPanel；签到界面-AwardPanel；限时招募活动界面-ChargeActivityPanel
int,int,int,int,string,int,string,string,string,string
20232001,0,0,0,"",0,"",63001,"",""
20232010,0,0,0,"",0,"",63002,"",""
20232019,0,0,0,"",0,"",63003,"",""
20232028,0,0,0,"",0,"",63004,"",""
20232037,0,0,0,"",0,"",63005,"",""
20232046,0,0,0,"",0,"",63006,"",""
20232004,0,0,0,"",0,"",63031,"",""
20232013,0,0,0,"",0,"",63032,"",""
20232022,0,0,0,"",0,"",63033,"",""
20232031,0,0,0,"",0,"",63034,"",""
20232040,0,0,0,"",0,"",63035,"",""
20232049,0,0,0,"",0,"",63036,"",""
20232003,0,0,0,"",0,"",63021,"",""
20232012,0,0,0,"",0,"",63022,"",""
20232021,0,0,0,"",0,"",63023,"",""
20232030,0,0,0,"",0,"",63024,"",""
20232039,0,0,0,"",0,"",63025,"",""
20232048,0,0,0,"",0,"",63026,"",""
20232007,0,0,0,"",0,"",63061,"",""
20232016,0,0,0,"",0,"",63062,"",""
20232025,0,0,0,"",0,"",63063,"",""
20232034,0,0,0,"",0,"",63064,"",""
20232043,0,0,0,"",0,"",63065,"",""
20232052,0,0,0,"",0,"",63066,"",""
20232006,0,0,0,"",0,"",63051,"",""
20232015,0,0,0,"",0,"",63052,"",""
20232024,0,0,0,"",0,"",63053,"",""
20232033,0,0,0,"",0,"",63054,"",""
20232042,0,0,0,"",0,"",63055,"",""
20232051,0,0,0,"",0,"",63056,"",""
20232008,0,0,0,"",0,"",63071,"",""
20232017,0,0,0,"",0,"",63072,"",""
20232026,0,0,0,"",0,"",63073,"",""
20232035,0,0,0,"",0,"",63074,"",""
20232044,0,0,0,"",0,"",63075,"",""
20232053,0,0,0,"",0,"",63076,"",""
20232009,0,0,0,"",0,"",63081,"",""
20232018,0,0,0,"",0,"",63082,"",""
20232027,0,0,0,"",0,"",63083,"",""
20232036,0,0,0,"",0,"",63084,"",""
20232045,0,0,0,"",0,"",63085,"",""
20232054,0,0,0,"",0,"",63086,"",""
20232002,0,0,0,"",0,"",63011,"",""
20232011,0,0,0,"",0,"",63012,"",""
20232020,0,0,0,"",0,"",63013,"",""
20232029,0,0,0,"",0,"",63014,"",""
20232038,0,0,0,"",0,"",63015,"",""
20232047,0,0,0,"",0,"",63016,"",""
20232005,0,0,0,"",0,"",63041,"",""
20232014,0,0,0,"",0,"",63042,"",""
20232023,0,0,0,"",0,"",63043,"",""
20232032,0,0,0,"",0,"",63044,"",""
20232041,0,0,0,"",0,"",63045,"",""
20232050,0,0,0,"",0,"",63046,"",""
20231002,0,0,0,60111|60114|60115|60101|60104|60105,0,10,"",5,DrawCardPanel
20231003,0,0,0,60111|60114|60115|60101|60104|60105,0,10,"",5,DrawCardPanel
20231004,0,0,0,60111|60114|60115|60101|60104|60105,0,10,"",5,DrawCardPanel
20231001,0,0,0,60112|60114|60115|60102|60104|60105,0,10,"",5,DrawCardPanel
20231005,0,0,0,60112|60114|60115|60102|60104|60105,0,10,"",5,DrawCardPanel
20231006,0,0,0,60112|60114|60115|60102|60104|60105,0,10,"",5,DrawCardPanel
20231007,0,0,0,60113|60114|60115|60103|60104|60105,0,10,"",5,DrawCardPanel
20231008,0,0,0,60113|60114|60115|60103|60104|60105,0,10,"",5,DrawCardPanel
20231009,0,0,0,60113|60114|60115|60103|60104|60105,0,10,"",5,DrawCardPanel
20231016,0,0,0,60211|60214|60217|60218|60219|60201|60204|60207|60208|60301|60304|60307|60308,0,10,"",5,DrawCardPanel
20231011,0,0,0,60211|60214|60217|60218|60219|60201|60204|60207|60208|60301|60304|60307|60308,0,10,"",5,DrawCardPanel
20231010,0,0,0,60211|60214|60217|60218|60219|60201|60204|60207|60208|60301|60304|60307|60308,0,10,"",5,DrawCardPanel
20231015,0,0,0,60212|60215|60217|60218|60219|60202|60205|60207|60208|60302|60305|60307|60308,0,10,"",5,DrawCardPanel
20231013,0,0,0,60212|60215|60217|60218|60219|60202|60205|60207|60208|60302|60305|60307|60308,0,10,"",5,DrawCardPanel
20231014,0,0,0,60212|60215|60217|60218|60219|60202|60205|60207|60208|60302|60305|60307|60308,0,10,"",5,DrawCardPanel
20231012,0,0,0,60213|60216|60217|60218|60219|60203|60206|60207|60208|60303|60306|60307|60308,0,10,"",5,DrawCardPanel
20231018,0,0,0,60213|60216|60217|60218|60219|60203|60206|60207|60208|60303|60306|60307|60308,0,10,"",5,DrawCardPanel
20231017,0,0,0,60213|60216|60217|60218|60219|60203|60206|60207|60208|60303|60306|60307|60308,0,10,"",5,DrawCardPanel
20231019,0,0,0,60401|60404|60405|60406|60411|60414|60415|60416,0,10,"",5,DrawCardPanel
20231021,0,0,0,60401|60404|60405|60406|60411|60414|60415|60416,0,10,"",5,DrawCardPanel
20231024,0,0,0,60401|60404|60405|60406|60411|60414|60415|60416,0,10,"",5,DrawCardPanel
20231020,0,0,0,60402|60404|60405|60406|60412|60414|60415|60416,0,10,"",5,DrawCardPanel
20231023,0,0,0,60402|60404|60405|60406|60412|60414|60415|60416,0,10,"",5,DrawCardPanel
20231022,0,0,0,60402|60404|60405|60406|60412|60414|60415|60416,0,10,"",5,DrawCardPanel
20231027,0,0,0,60403|60404|60405|60406|60413|60414|60415|60416,0,10,"",5,DrawCardPanel
20231025,0,0,0,60403|60404|60405|60406|60413|60414|60415|60416,0,10,"",5,DrawCardPanel
20231026,0,0,0,60403|60404|60405|60406|60413|60414|60415|60416,0,10,"",5,DrawCardPanel
20231033,0,0,0,60501|60504|60505|60601|60604|60605|60606,0,10,"",5,DrawCardPanel
20231032,0,0,0,60501|60504|60505|60601|60604|60605|60606,0,10,"",5,DrawCardPanel
20231029,0,0,0,60501|60504|60505|60601|60604|60605|60606,0,10,"",5,DrawCardPanel
20231034,0,0,0,60502|60504|60505|60602|60604|60605|60606,0,10,"",5,DrawCardPanel
20231031,0,0,0,60502|60504|60505|60602|60604|60605|60606,0,10,"",5,DrawCardPanel
20231030,0,0,0,60502|60504|60505|60602|60604|60605|60606,0,10,"",5,DrawCardPanel
20231035,0,0,0,60503|60504|60505|60603|60604|60605|60606,0,10,"",5,DrawCardPanel
20231028,0,0,0,60503|60504|60505|60603|60604|60605|60606,0,10,"",5,DrawCardPanel
20231036,0,0,0,60503|60504|60505|60603|60604|60605|60606,0,10,"",5,DrawCardPanel
20231038,0,0,0,60701|60704|60707|60710|60801|60804|60807|60808|60809|60811|60814|60817|60821|60824|60827,0,10,"",5,DrawCardPanel
20231042,0,0,0,60701|60704|60707|60710|60801|60804|60807|60808|60809|60811|60814|60817|60821|60824|60827,0,10,"",5,DrawCardPanel
20231040,0,0,0,60701|60704|60707|60710|60801|60804|60807|60808|60809|60811|60814|60817|60821|60824|60827,0,10,"",5,DrawCardPanel
20231037,0,0,0,60702|60705|60708|60710|60802|60805|60807|60808|60809|60812|60815|60817|60822|60825|60827,0,10,"",5,DrawCardPanel
20231041,0,0,0,60702|60705|60708|60710|60802|60805|60807|60808|60809|60812|60815|60817|60822|60825|60827,0,10,"",5,DrawCardPanel
20231043,0,0,0,60702|60705|60708|60710|60802|60805|60807|60808|60809|60812|60815|60817|60822|60825|60827,0,10,"",5,DrawCardPanel
20231039,0,0,0,60703|60706|60709|60710|60803|60806|60807|60808|60809|60813|60816|60817|60823|60826|60827,0,10,"",5,DrawCardPanel
20231045,0,0,0,60703|60706|60709|60710|60803|60806|60807|60808|60809|60813|60816|60817|60823|60826|60827,0,10,"",5,DrawCardPanel
20231044,0,0,0,60703|60706|60709|60710|60803|60806|60807|60808|60809|60813|60816|60817|60823|60826|60827,0,10,"",5,DrawCardPanel
20231046,0,0,0,60831|60834|60837|60841|60844|60845|60851|60854|60855|60901|60904|60905|60906|60911|60914|60917|60921|60924|60925|60926|61001|61004|61007|61008|61011|61014|61017|61101|61104|61105|61106|61111|61114|61117|61201|61204|61207|61208|61211|61214|61217|61301|61304|61307|61308,0,10,"",5,DrawCardPanel
20231047,0,0,0,60831|60834|60837|60841|60844|60845|60851|60854|60855|60901|60904|60905|60906|60911|60914|60917|60921|60924|60925|60926|61001|61004|61007|61008|61011|61014|61017|61101|61104|61105|61106|61111|61114|61117|61201|61204|61207|61208|61211|61214|61217|61301|61304|61307|61308,0,10,"",5,DrawCardPanel
20231049,0,0,0,60831|60834|60837|60841|60844|60845|60851|60854|60855|60901|60904|60905|60906|60911|60914|60917|60921|60924|60925|60926|61001|61004|61007|61008|61011|61014|61017|61101|61104|61105|61106|61111|61114|61117|61201|61204|61207|61208|61211|61214|61217|61301|61304|61307|61308,0,10,"",5,DrawCardPanel
20231053,0,0,0,60832|60835|60837|60842|60844|60845|60852|60854|60855|60902|60904|60905|60906|60912|60915|60917|60922|60924|60925|60926|61002|61005|61007|61008|61012|61015|61017|61102|61104|61105|61106|61112|61115|61117|61202|61205|61207|61208|61212|61215|61217|61302|61305|61307|61308,0,10,"",5,DrawCardPanel
20231052,0,0,0,60832|60835|60837|60842|60844|60845|60852|60854|60855|60902|60904|60905|60906|60912|60915|60917|60922|60924|60925|60926|61002|61005|61007|61008|61012|61015|61017|61102|61104|61105|61106|61112|61115|61117|61202|61205|61207|61208|61212|61215|61217|61302|61305|61307|61308,0,10,"",5,DrawCardPanel
20231050,0,0,0,60832|60835|60837|60842|60844|60845|60852|60854|60855|60902|60904|60905|60906|60912|60915|60917|60922|60924|60925|60926|61002|61005|61007|61008|61012|61015|61017|61102|61104|61105|61106|61112|61115|61117|61202|61205|61207|61208|61212|61215|61217|61302|61305|61307|61308,0,10,"",5,DrawCardPanel
20231048,0,0,0,60833|60836|60837|60843|60844|60845|60853|60854|60855|60903|60904|60905|60906|60913|60916|60917|60923|60924|60925|60926|61003|61006|61007|61008|61013|61016|61017|61103|61104|61105|61106|61113|61116|61117|61203|61206|61207|61208|61213|61216|61217|61303|61306|61307|61308,0,10,"",5,DrawCardPanel
20231054,0,0,0,60833|60836|60837|60843|60844|60845|60853|60854|60855|60903|60904|60905|60906|60913|60916|60917|60923|60924|60925|60926|61003|61006|61007|61008|61013|61016|61017|61103|61104|61105|61106|61113|61116|61117|61203|61206|61207|61208|61213|61216|61217|61303|61306|61307|61308,0,10,"",5,DrawCardPanel
20231051,0,0,0,60833|60836|60837|60843|60844|60845|60853|60854|60855|60903|60904|60905|60906|60913|60916|60917|60923|60924|60925|60926|61003|61006|61007|61008|61013|61016|61017|61103|61104|61105|61106|61113|61116|61117|61203|61206|61207|61208|61213|61216|61217|61303|61306|61307|61308,0,10,"",5,DrawCardPanel
20230001,0,0,0,60111|60112|60113|60114|60115|60101|60102|60103|60104|60105|60211|60212|60213|60214|60215|60216|60217|60218|60219|60201|60202|60203|60204|60205|60206|60207|60208|60301|60302|60303|60304|60305|60306|60307|60308,1,10,"",5,DrawCardPanel
20230002,0,0,0,60211|60212|60213|60214|60215|60216|60217|60218|60219|60201|60202|60203|60204|60205|60206|60207|60208|60301|60302|60303|60304|60305|60306|60307|60308|60401|60402|60403|60404|60405|60406|60411|60412|60413|60414|60415|60416|60501|60502|60503|60504|60505,1,10,"",5,DrawCardPanel
20230003,0,0,0,60411|60412|60413|60414|60415|60416|60501|60502|60503|60504|60505|60601|60602|60603|60604|60605|60606|60701|60702|60703|60704|60705|60706|60707|60708|60709|60710|60801|60802|60803|60804|60805|60806|60807|60808|60809,1,10,"",5,DrawCardPanel
20121001,0,0,0,"",0,"","",5|12,DrawCardPanel
20121002,0,0,0,"",0,"","",5|12,DrawCardPanel
20121003,0,0,0,"",0,"","",5|12,DrawCardPanel
20233001,0,0,0,"",0,"","",5|13,DrawCardPanel
20234003,0,0,0,"",0,"","",5|8,DrawCardPanel
20234006,0,0,0,"",0,"","",5|8,DrawCardPanel
20234009,0,0,0,"",0,"","",5|8,DrawCardPanel
20234010,0,0,0,"",0,"","",5|8,DrawCardPanel
20234014,0,0,0,"",0,"","",5|8,DrawCardPanel
20234022,0,0,0,"",0,"","",5|8,DrawCardPanel
20234024,0,0,0,"",0,"","",5|8,DrawCardPanel
20234029,0,0,0,"",0,"","",5|8,DrawCardPanel
20234013,0,0,0,"",0,"","",5|8,DrawCardPanel
20234015,0,0,0,"",0,"","",5|8,DrawCardPanel
20234019,0,0,0,"",0,"","",5|8,DrawCardPanel
20234031,0,0,0,"",0,"","",5|8,DrawCardPanel
20234001,0,0,0,"",0,"","",5,DrawCardPanel
20234002,0,0,0,"",0,"","",5,DrawCardPanel
20234004,0,0,0,"",0,"","",5,DrawCardPanel
20234018,0,0,0,"",0,"","",5,DrawCardPanel
20234020,0,0,0,"",0,"","",5,DrawCardPanel
20234027,0,0,0,"",0,"","",5,DrawCardPanel
20234017,0,0,0,"",0,3,"","",""
20234021,0,0,0,"",0,4,"","",""
20234025,0,0,0,"",0,1,"","",""
20234008,0,0,0,"",0,4,"","",""
20234023,0,0,0,"",0,1,"","",""
20234030,0,0,0,"",0,3,"","",""
20234005,0,0,0,"",0,"","","",AwardPanel
20234026,0,0,0,"",0,"","","",ChargeActivityPanel
20234007,0,0,0,"",0,"","","",ChargeActivityPanel
20234012,0,0,0,"",0,"","","",ChargeActivityPanel
20234016,0,0,0,"",0,"","","",ChargeActivityPanel
20234028,0,0,0,"",0,"","","",ChargeActivityPanel
20234011,0,0,0,"",0,"","","",ChargeActivityPanel
20236018,0,0,0,"",0,6,"",5,""
20236019,0,0,0,"",0,6,"",5,""
20236020,0,0,0,"",0,6,"",5,""
20236021,0,0,0,"",0,6,"",5,""
20236022,0,0,0,"",0,6,"",5,""
20236001,0,0,0,"",0,6,"","",DrawCardPanel
20236002,0,0,0,"",0,6,"","",DrawCardPanel
0,10001,1,12100002,60212|60305|60406|60412|60804|60836|60902|61008|61106|61211|61217|61305,1,"","","",""
0,10001,2,11900006,60415|60606|60701|60817|60837|60845|60855|60911|60915|61014|61104|61116|61307|61308,1,"","","",""
0,10001,3,12200003,60211|60212|60205|60415|60503|60603|60709|60835|60836|60842|60924|61013|61117|61202|61203|61216,1,"","","",""
0,10001,4,12300001,60114|60115|60104|60105|60215|60217|60218|60202|60208|60306|60307|60414|60416|60501|60604|60605|60704|60705|60802|60805|60813|60814|60823|60825|60832|60835|60836|60845|60852|60855|60906|60912|60913|60915|60917|60926|61004|61005|61007|61011|61014|61017|61105|61115|61202|61302|61306|61307|61308,1,"","","",""
0,10001,5,12400002,60214|60208|60402|60813|60814|60836|60844|61213|61308,1,"","","",""
0,10001,6,11000002,60305|60404|60604|60807|60833|60916|60924|61006,1,"","","",""
0,10001,7,12500003,60114|60104|60306|60412|60415|60501|60601|60602|60806|60809|60835|60843|60852|60912|60915|60921|60926|61014|61017|61103|61104|61111|61116|61201|61215|61307,1,"","","",""
0,10001,8,12600003,60114|60104|60212|60216|60204|60207|60401|60403|60501|60803|60811|60812|60823|60832|60833|60834|60835|60906|60915|61002|61003|61012|61102|61201|61208|61214|61304|61306,1,"","","",""
0,10001,9,12000004,60302|60405|60606|60705|60706|60809|60825|60845|60855|60904|60906|60912|60921|60922|60926|61007|61013|61016|61104|61117|61206|61207|61208|61304|61308,1,"","","",""
0,10001,10,12000004,60302|60405|60606|60705|60706|60809|60825|60845|60855|60904|60906|60912|60921|60922|60926|61007|61013|61016|61104|61117|61206|61207|61208|61304|61308,1,"","","",""
0,10001,11,11810006,60801|60844|60855|60915|60917|61001|61002|61006|61111|61117|61202|61304,1,"","","",""
0,10001,12,11000003,60111|60101|60305|60404|60502|60706|60831|61006,1,"","","",""
0,10002,1,12100002,60211|60302|60402|60414|60504|60505|60806|60815|60816|60835|60842|60854|60902|61008|61017|61215|61217|61305,1,"","","",""
0,10002,2,11900006,60415|60606|60701|60817|60837|60855|60911|60915|60916|61014|61104|61116|61307|61308,1,"","","",""
0,10002,3,12200003,60115|60105|60307|60414|60708|60710|60831|60855|60915|60921|61002|61012|61101|61201|61212|61305,1,"","","",""
0,10002,4,12300001,60114|60115|60104|60105|60215|60217|60218|60202|60208|60306|60307|60414|60416|60501|60604|60605|60704|60705|60802|60805|60813|60814|60823|60825|60832|60835|60836|60845|60852|60855|60906|60912|60913|60915|60917|60926|61004|61005|61007|61011|61014|61017|61105|61115|61202|61302|61306|61307|61308,1,"","","",""
0,10002,5,12400002,60219|60304|60416|60501|60505|60823|60835|60836|60906|60925|61002|61101|61216|61308,1,"","","",""
0,10002,6,11000002,60111|60112|60101|60102|60214|60203|60206|60207|60208|60301|60302|60405|60503|60504|60604|60701|60705|60710|60822|60824|60827|60835|60841|60844|60851|60855|60906|60912|60917|60922|60924|60926|61002|61003|61014|61016|61105|61111|61113|61204|61208|61216|61217|61305,1,"","","",""
0,10002,7,12500003,60115|60105|60301|60413|60416|60603|60701|60801|60843|60855|60906|60913|60916|60922|61003|61015|61117|61208|61211|61217|61305,1,"","","",""
0,10002,8,12600003,60115|60105|60216|60202|60412|60415|60601|60603|60809|60835|60841|60853|60903|60926|61006|61012|61014|61106|61201|61203|61204|61213|61305,1,"","","",""
0,10002,9,12000004,60302|60405|60606|60705|60706|60809|60825|60845|60855|60904|60906|60912|60921|60922|60926|61007|61013|61016|61117|61206|61207|61208|61304|61308,1,"","","",""
0,10002,10,12000004,60302|60405|60606|60705|60706|60809|60825|60845|60855|60904|60906|60912|60921|60922|60926|61007|61013|61016|61117|61206|61207|61208|61304|61308,1,"","","",""
0,10002,11,11810006,60801|60844|60855|60915|60917|61001|61002|61006|61111|61117|61202|61304,1,"","","",""
0,10002,12,11000003,60111|60112|60101|60102|60213|60202|60416|60504|60708|60831|60853|60911|60916|61012|61016|61208|61308,1,"","","",""
0,10003,1,12100002,60211|60302|60402|60414|60504|60505|60806|60815|60816|60835|60842|60854|60902|61008|61017|61215|61217|61305,1,"","","",""
0,10003,2,11900006,60415|60606|60701|60817|60837|60855|60911|60915|60916|61014|61104|61116|61307|61308,1,"","","",""
0,10003,3,12200003,60115|60105|60307|60414|60708|60710|60831|60855|60915|60921|61002|61012|61101|61201|61212|61305,1,"","","",""
0,10003,4,12300001,60114|60115|60104|60105|60215|60217|60218|60202|60208|60306|60307|60414|60416|60501|60604|60605|60704|60705|60802|60805|60813|60814|60823|60825|60832|60835|60836|60845|60852|60855|60906|60912|60913|60915|60917|60926|61004|61005|61007|61011|61014|61017|61105|61115|61202|61302|61306|61307|61308,1,"","","",""
0,10003,5,12400002,60219|60304|60416|60501|60505|60823|60835|60836|60906|60925|61002|61101|61216|61308,1,"","","",""
0,10003,6,11000002,60111|60112|60101|60102|60214|60203|60206|60207|60208|60301|60302|60405|60503|60504|60604|60701|60705|60710|60822|60824|60827|60835|60841|60844|60851|60855|60906|60912|60917|60922|60924|60926|61002|61003|61014|61016|61105|61111|61113|61204|61208|61216|61217|61305,1,"","","",""
0,10003,7,12500003,60115|60105|60301|60413|60416|60603|60701|60801|60843|60855|60906|60913|60916|60922|61003|61015|61117|61208|61211|61217|61305,1,"","","",""
0,10003,8,12600003,60115|60105|60216|60202|60412|60415|60601|60603|60809|60835|60841|60853|60903|60926|61006|61012|61014|61106|61201|61203|61204|61213|61305,1,"","","",""
0,10003,9,12000004,60302|60405|60606|60705|60706|60809|60825|60845|60855|60904|60906|60912|60921|60922|60926|61007|61013|61016|61117|61206|61207|61208|61304|61308,1,"","","",""
0,10003,10,12000004,60302|60405|60606|60705|60706|60809|60825|60845|60855|60904|60906|60912|60921|60922|60926|61007|61013|61016|61117|61206|61207|61208|61304|61308,1,"","","",""
0,10003,11,11810006,60801|60844|60855|60915|60917|61001|61002|61006|61111|61117|61202|61304,1,"","","",""
0,10003,12,11000003,60111|60112|60101|60102|60214|60203|60206|60207|60208|60301|60302|60405|60503|60504|60604|60701|60705|60710|60822|60824|60827|60835|60841|60844|60851|60855|60906|60912|60917|60922|60924|60926|61002|61003|61014|61016|61105|61111|61113|61204|61208|61216|61217|61305,1,"","","",""
0,10004,1,12100002,60211|60302|60402|60414|60504|60505|60806|60815|60816|60835|60842|60854|60902|61008|61017|61215|61217|61305,1,"","","",""
0,10004,2,11900006,60415|60606|60701|60817|60837|60855|60911|60915|60916|61014|61104|61116|61307|61308,1,"","","",""
0,10004,3,12200003,60115|60105|60307|60414|60708|60710|60831|60855|60915|60921|61002|61012|61101|61201|61212|61305,1,"","","",""
0,10004,4,12300001,60114|60115|60104|60105|60215|60217|60218|60202|60208|60306|60307|60414|60416|60501|60604|60605|60704|60705|60802|60805|60813|60814|60823|60825|60832|60835|60836|60845|60852|60855|60906|60912|60913|60915|60917|60926|61004|61005|61007|61011|61014|61017|61105|61115|61202|61302|61306|61307|61308,1,"","","",""
0,10004,5,12400002,60219|60304|60416|60501|60505|60823|60835|60836|60906|60925|61002|61101|61216|61308,1,"","","",""
0,10004,6,11000002,60201|60205|60206|60303|60402|60414|60504|60605|60606|60702|60704|60705|60808|60809|60817|60822|60826|60841|60844|60852|60853|60855|60901|60903|60905|60925|60926|61004|61008|61015|61017|61101|61102|61117|61201|61202|61203|61206|61305|61306|61308,1,"","","",""
0,10004,7,12500003,60115|60105|60301|60413|60416|60603|60701|60801|60843|60855|60906|60913|60916|60922|61003|61015|61117|61208|61211|61217|61305,1,"","","",""
0,10004,8,12600003,60115|60105|60216|60202|60412|60415|60601|60603|60809|60835|60841|60853|60903|60926|61006|61012|61014|61106|61201|61203|61204|61213|61305,1,"","","",""
0,10004,9,12000004,60302|60405|60606|60705|60706|60809|60825|60845|60855|60904|60906|60912|60921|60922|60926|61007|61013|61016|61117|61206|61207|61208|61304|61308,1,"","","",""
0,10004,10,12000004,60302|60405|60606|60705|60706|60809|60825|60845|60855|60904|60906|60912|60921|60922|60926|61007|61013|61016|61117|61206|61207|61208|61304|61308,1,"","","",""
0,10004,11,11810006,60801|60844|60855|60915|60917|61001|61002|61006|61111|61117|61202|61304,1,"","","",""
0,10004,12,11000003,60112|60102|60304|60402|60503|60704,1,"","","",""
0,10005,1,12100002,60211|60302|60402|60414|60504|60505|60806|60815|60816|60835|60842|60854|60902|61008|61017|61215|61217|61305,1,"","","",""
0,10005,2,11900006,60415|60606|60701|60817|60837|60855|60911|60915|60916|61014|61104|61116|61307|61308,1,"","","",""
0,10005,3,12200003,60115|60105|60307|60414|60708|60710|60831|60855|60915|60921|61002|61012|61101|61201|61212|61305,1,"","","",""
0,10005,4,12300001,60114|60115|60104|60105|60215|60217|60218|60202|60208|60306|60307|60414|60416|60501|60604|60605|60704|60705|60802|60805|60813|60814|60823|60825|60832|60835|60836|60845|60852|60855|60906|60912|60913|60915|60917|60926|61004|61005|61007|61011|61014|61017|61105|61115|61202|61302|61306|61307|61308,1,"","","",""
0,10005,5,12400002,60219|60304|60416|60501|60505|60823|60835|60836|60906|60925|61002|61101|61216|61308,1,"","","",""
0,10005,6,11000002,60201|60205|60206|60303|60402|60414|60504|60605|60606|60702|60704|60705|60808|60809|60817|60822|60826|60841|60844|60852|60853|60855|60901|60903|60905|60925|60926|61004|61008|61015|61017|61101|61102|61117|61201|61202|61203|61206|61305|61306|61308,1,"","","",""
0,10005,7,12500003,60115|60105|60301|60413|60416|60603|60701|60801|60843|60855|60906|60913|60916|60922|61003|61015|61117|61208|61211|61217|61305,1,"","","",""
0,10005,8,12600003,60115|60105|60216|60202|60412|60415|60601|60603|60809|60835|60841|60853|60903|60926|61006|61012|61014|61106|61201|61203|61204|61213|61305,1,"","","",""
0,10005,9,12000004,60302|60405|60606|60705|60706|60809|60825|60845|60855|60904|60906|60912|60921|60922|60926|61007|61013|61016|61117|61206|61207|61208|61304|61308,1,"","","",""
0,10005,10,12000004,60302|60405|60606|60705|60706|60809|60825|60845|60855|60904|60906|60912|60921|60922|60926|61007|61013|61016|61117|61206|61207|61208|61304|61308,1,"","","",""
0,10005,11,11810006,60801|60844|60855|60915|60917|61001|61002|61006|61111|61117|61202|61304,1,"","","",""
0,10005,12,11000003,60112|60102|60304|60402|60503|60704,1,"","","",""
0,10006,1,12100002,60211|60302|60402|60414|60504|60505|60806|60815|60816|60835|60842|60854|60902|61008|61017|61215|61217|61305,1,"","","",""
0,10006,2,11900006,60415|60606|60701|60817|60837|60855|60911|60915|60916|61014|61104|61116|61307|61308,1,"","","",""
0,10006,3,12200003,60115|60105|60307|60414|60708|60710|60831|60855|60915|60921|61002|61012|61101|61201|61212|61305,1,"","","",""
0,10006,4,12300001,60114|60115|60104|60105|60215|60217|60218|60202|60208|60306|60307|60414|60416|60501|60604|60605|60704|60705|60802|60805|60813|60814|60823|60825|60832|60835|60836|60845|60852|60855|60906|60912|60913|60915|60917|60926|61004|61005|61007|61011|61014|61017|61105|61115|61202|61302|61306|61307|61308,1,"","","",""
0,10006,5,12400002,60219|60304|60416|60501|60505|60823|60835|60836|60906|60925|61002|61101|61216|61308,1,"","","",""
0,10006,6,11000002,60201|60205|60206|60303|60402|60414|60504|60605|60606|60702|60704|60705|60808|60809|60817|60822|60826|60841|60844|60852|60853|60855|60901|60903|60905|60925|60926|61004|61008|61015|61017|61101|61102|61117|61201|61202|61203|61206|61305|61306|61308,1,"","","",""
0,10006,7,12500003,60115|60105|60301|60413|60416|60603|60701|60801|60843|60855|60906|60913|60916|60922|61003|61015|61117|61208|61211|61217|61305,1,"","","",""
0,10006,8,12600003,60115|60105|60216|60202|60412|60415|60601|60603|60809|60835|60841|60853|60903|60926|61006|61012|61014|61106|61201|61203|61204|61213|61305,1,"","","",""
0,10006,9,12000004,60302|60405|60606|60705|60706|60809|60825|60845|60855|60904|60906|60912|60921|60922|60926|61007|61013|61016|61117|61206|61207|61208|61304|61308,1,"","","",""
0,10006,10,12000004,60302|60405|60606|60705|60706|60809|60825|60845|60855|60904|60906|60912|60921|60922|60926|61007|61013|61016|61117|61206|61207|61208|61304|61308,1,"","","",""
0,10006,11,11810006,60801|60844|60855|60915|60917|61001|61002|61006|61111|61117|61202|61304,1,"","","",""
0,10006,12,11000003,60112|60102|60304|60402|60503|60704,1,"","","",""
0,10007,1,12100002,60211|60302|60402|60414|60504|60505|60806|60815|60816|60835|60842|60854|60902|61008|61017|61215|61217|61305,1,"","","",""
0,10007,2,11900006,60415|60606|60701|60817|60837|60855|60911|60915|60916|61014|61104|61116|61307|61308,1,"","","",""
0,10007,3,12200003,60115|60105|60307|60414|60708|60710|60831|60855|60915|60921|61002|61012|61101|61201|61212|61305,1,"","","",""
0,10007,4,12300001,60114|60115|60104|60105|60215|60217|60218|60202|60208|60306|60307|60414|60416|60501|60604|60605|60704|60705|60802|60805|60813|60814|60823|60825|60832|60835|60836|60845|60852|60855|60906|60912|60913|60915|60917|60926|61004|61005|61007|61011|61014|61017|61105|61115|61202|61302|61306|61307|61308,1,"","","",""
0,10007,5,12400002,60219|60304|60416|60501|60505|60823|60835|60836|60906|60925|61002|61101|61216|61308,1,"","","",""
0,10007,6,11000002,60201|60205|60206|60303|60402|60414|60504|60605|60606|60702|60704|60705|60808|60809|60817|60822|60826|60841|60844|60852|60853|60855|60901|60903|60905|60925|60926|61004|61008|61015|61017|61101|61102|61117|61201|61202|61203|61206|61305|61306|61308,1,"","","",""
0,10007,7,12500003,60115|60105|60301|60413|60416|60603|60701|60801|60843|60855|60906|60913|60916|60922|61003|61015|61117|61208|61211|61217|61305,1,"","","",""
0,10007,8,12600003,60115|60105|60216|60202|60412|60415|60601|60603|60809|60835|60841|60853|60903|60926|61006|61012|61014|61106|61201|61203|61204|61213|61305,1,"","","",""
0,10007,9,12000004,60302|60405|60606|60705|60706|60809|60825|60845|60855|60904|60906|60912|60921|60922|60926|61007|61013|61016|61117|61206|61207|61208|61304|61308,1,"","","",""
0,10007,10,12000004,60302|60405|60606|60705|60706|60809|60825|60845|60855|60904|60906|60912|60921|60922|60926|61007|61013|61016|61117|61206|61207|61208|61304|61308,1,"","","",""
0,10007,11,11810006,60801|60844|60855|60915|60917|61001|61002|61006|61111|61117|61202|61304,1,"","","",""
0,10007,12,11000003,60112|60102|60304|60402|60503|60704,1,"","","",""
0,10008,1,12100002,60211|60302|60402|60414|60504|60505|60806|60815|60816|60835|60842|60854|60902|61008|61017|61215|61217|61305,1,"","","",""
0,10008,2,11900006,60415|60606|60701|60817|60837|60855|60911|60915|60916|61014|61104|61116|61307|61308,1,"","","",""
0,10008,3,12200003,60115|60105|60307|60414|60708|60710|60831|60855|60915|60921|61002|61012|61101|61201|61212|61305,1,"","","",""
0,10008,4,12300001,60114|60115|60104|60105|60215|60217|60218|60202|60208|60306|60307|60414|60416|60501|60604|60605|60704|60705|60802|60805|60813|60814|60823|60825|60832|60835|60836|60845|60852|60855|60906|60912|60913|60915|60917|60926|61004|61005|61007|61011|61014|61017|61105|61115|61202|61302|61306|61307|61308,1,"","","",""
0,10008,5,12400002,60219|60304|60416|60501|60505|60823|60835|60836|60906|60925|61002|61101|61216|61308,1,"","","",""
0,10008,6,11000002,60111|60112|60101|60102|60214|60203|60206|60207|60208|60301|60302|60405|60503|60504|60604|60701|60705|60710|60822|60824|60827|60835|60841|60844|60851|60855|60906|60912|60917|60922|60924|60926|61002|61003|61014|61016|61105|61111|61113|61204|61208|61216|61217|61305,1,"","","",""
0,10008,7,12500003,60115|60105|60301|60413|60416|60603|60701|60801|60843|60855|60906|60913|60916|60922|61003|61015|61117|61208|61211|61217|61305,1,"","","",""
0,10008,8,12600003,60115|60105|60216|60202|60412|60415|60601|60603|60809|60835|60841|60853|60903|60926|61006|61012|61014|61106|61201|61203|61204|61213|61305,1,"","","",""
0,10008,9,12000004,60302|60405|60606|60705|60706|60809|60825|60845|60855|60904|60906|60912|60921|60922|60926|61007|61013|61016|61117|61206|61207|61208|61304|61308,1,"","","",""
0,10008,10,12000004,60302|60405|60606|60705|60706|60809|60825|60845|60855|60904|60906|60912|60921|60922|60926|61007|61013|61016|61117|61206|61207|61208|61304|61308,1,"","","",""
0,10008,11,11810006,60801|60844|60855|60915|60917|61001|61002|61006|61111|61117|61202|61304,1,"","","",""
0,10008,12,11000003,60111|60112|60101|60102|60213|60202|60416|60504|60708|60831|60853|60911|60916|61012|61016|61208|61308,1,"","","",""
0,10009,1,12100002,60212|60305|60406|60414|60804|60827|60836|60902|61006|61008|61106|61211|61217|61305,1,"","","",""
0,10009,2,11900006,60404|60416|60502|60802|60803|60809|60827|60836|60855|60903|60906|60913|61002|61003|61005|61008|61013|61016|61201|61205|61302|61303|61308,1,"","","",""
0,10009,3,12200003,60211|60212|60205|60415|60503|60603|60709|60835|60836|60842|60924|61013|61202|61203|61216|61305,1,"","","",""
0,10009,4,12300001,60114|60115|60104|60105|60215|60217|60218|60202|60208|60306|60307|60406|60501|60604|60605|60704|60705|60802|60805|60813|60814|60823|60832|60833|60836|60845|60852|60855|60912|60913|60915|60917|60924|60926|61004|61011|61015|61017|61105|61113|61115|61207|61208|61302|61306|61307|61308,1,"","","",""
0,10009,5,12400002,60214|60208|60402|60501|60709|60813|60814|60836|60844|61213|61308,1,"","","",""
0,10009,6,11000002,60215|60203|60401|60403|60413|60416|60503|60806|60809|60823|60827|60836|60905|60906|60915|61008|61012|61017|61208|61217|61304,1,"","","",""
0,10009,7,12500003,60114|60104|60306|60412|60415|60501|60601|60602|60806|60809|60835|60843|60852|60912|60915|60917|60921|60926|61014|61017|61103|61104|61111|61116|61201|61215|61307,1,"","","",""
0,10009,8,12600003,60114|60104|60212|60216|60204|60207|60401|60403|60501|60803|60811|60812|60823|60832|60833|60834|60835|60906|60915|61002|61003|61101|61102|61201|61208|61214|61304|61306,1,"","","",""
0,10009,9,12000004,60219|60204|60405|60505|60603|60821|60825|60836|60837|60855|60902|60906|60914|60917|61004|61005|61014|61017|61106|61112|61113|61206|61207|61211|61217|61302|61305|61307,1,"","","",""
0,10009,10,12000004,60219|60204|60405|60505|60603|60821|60825|60836|60837|60855|60902|60906|60914|60917|61004|61005|61014|61017|61106|61112|61113|61206|61207|61211|61217|61302|61305|61307,1,"","","",""
0,10009,11,11810006,60802|60842|60845|60852|60913|60917|60926|61006|61016|61301|61308,1,"","","",""
0,10009,12,11000003,60111|60112|60113|60101|60102|60103|60218|60303|60405|60411|60602|60707|60806|60807|60821|60827|60832|60854|60855|60923|60926|61005|61007|61008|61115|61203|61208|61307|61308,1,"","","",""
0,10010,1,12100002,60212|60305|60406|60412|60804|60836|60902|61008|61106|61211|61217|61305,1,"","","",""
0,10010,2,11900006,60415|60606|60701|60817|60837|60855|60911|60915|61014|61104|61116|61307|61308,1,"","","",""
0,10010,3,12200003,60211|60212|60205|60415|60503|60603|60709|60835|60836|60842|60924|61013|61202|61203|61216|61305,1,"","","",""
0,10010,4,12300001,60114|60115|60104|60105|60215|60217|60218|60202|60208|60306|60307|60414|60416|60501|60604|60605|60704|60705|60802|60805|60813|60814|60823|60825|60832|60835|60836|60845|60852|60855|60906|60912|60913|60915|60917|60926|61004|61005|61007|61011|61014|61017|61105|61115|61202|61302|61306|61307|61308,1,"","","",""
0,10010,5,12400002,60214|60208|60402|60813|60814|60836|60844|61213|61308,1,"","","",""
0,10010,6,11000002,60111|60113|60101|60103|60214|60215|60206|60207|60301|60302|60308|60405|60503|60504|60505|60604|60701|60705|60709|60710|60803|60805|60824|60827|60835|60836|60841|60851|60855|60912|60917|60922|61002|61003|61006|61011|61014|61016|61104|61105|61111|61112|61113|61201|61206|61208|61216|61305|61306,1,"","","",""
0,10010,7,12500003,60114|60104|60306|60412|60415|60501|60601|60602|60806|60809|60835|60843|60852|60912|60915|60917|60921|60926|61014|61017|61103|61104|61111|61116|61201|61215|61307,1,"","","",""
0,10010,8,12600003,60114|60104|60212|60216|60204|60207|60401|60403|60501|60803|60811|60812|60823|60832|60833|60834|60835|60906|60915|61002|61003|61101|61102|61201|61208|61214|61304|61306,1,"","","",""
0,10010,9,12000004,60302|60405|60606|60705|60706|60809|60825|60845|60855|60904|60906|60912|60921|60922|60926|61007|61013|61016|61117|61206|61207|61208|61302|61304|61308,1,"","","",""
0,10010,10,12000004,60302|60405|60606|60705|60706|60809|60825|60845|60855|60904|60906|60912|60921|60922|60926|61007|61013|61016|61117|61206|61207|61208|61302|61304|61308,1,"","","",""
0,10010,11,11810006,60801|60844|60855|60915|60917|61001|61002|61006|61111|61117|61202|61304,1,"","","",""
0,10010,12,11000003,60111|60113|60101|60103|60214|60215|60206|60207|60301|60302|60308|60405|60503|60504|60505|60604|60701|60705|60709|60710|60803|60805|60824|60827|60835|60836|60841|60851|60855|60912|60917|60922|61002|61003|61006|61011|61014|61016|61104|61105|61111|61112|61113|61201|61206|61208|61216|61305|61306,1,"","","",""
0,10012,1,12100002,60212|60305|60406|60412|60804|60836|60902|61008|61106|61211|61217|61305,1,"","","",""
0,10012,2,11900006,60415|60606|60701|60817|60837|60845|60855|60911|60915|61014|61104|61116|61307|61308,1,"","","",""
0,10012,3,12200003,60211|60212|60205|60415|60503|60603|60709|60835|60836|60842|60924|61013|61117|61202|61203|61216,1,"","","",""
0,10012,4,12300001,60114|60115|60104|60105|60215|60217|60218|60202|60208|60306|60307|60414|60416|60501|60604|60605|60704|60705|60802|60805|60813|60814|60823|60825|60832|60835|60836|60845|60852|60855|60906|60912|60913|60915|60917|60926|61004|61005|61007|61011|61014|61017|61105|61115|61202|61302|61306|61307|61308,1,"","","",""
0,10012,5,12400002,60214|60208|60402|60813|60814|60836|60844|61213|61308,1,"","","",""
0,10012,6,11000002,60216|60204|60404|60504|60707|60833|60902|60917|61012|61013|61103|61213,1,"","","",""
0,10012,7,12500003,60114|60104|60306|60412|60415|60501|60601|60602|60806|60809|60835|60843|60852|60912|60915|60921|60926|61014|61017|61103|61104|61111|61116|61201|61215|61307,1,"","","",""
0,10012,8,12600003,60114|60104|60212|60216|60204|60207|60401|60403|60501|60803|60811|60812|60823|60832|60833|60834|60835|60906|60915|61002|61003|61012|61102|61201|61208|61214|61304|61306,1,"","","",""
0,10012,9,12000004,60302|60405|60606|60705|60706|60809|60825|60845|60855|60904|60906|60912|60921|60922|60926|61007|61013|61016|61104|61117|61206|61207|61208|61304|61308,1,"","","",""
0,10012,10,12000004,60302|60405|60606|60705|60706|60809|60825|60845|60855|60904|60906|60912|60921|60922|60926|61007|61013|61016|61104|61117|61206|61207|61208|61304|61308,1,"","","",""
0,10012,11,11810006,60801|60844|60855|60915|60917|61001|61002|61006|61111|61117|61202|61304,1,"","","",""
0,10012,12,11000003,60303|60401|60502|60702|60113|60103|61103,1,"","","",""
0,10013,1,12100002,60212|60305|60406|60412|60804|60836|60902|61008|61106|61211|61217|61305,1,"","","",""
0,10013,2,11900006,60415|60606|60701|60817|60837|60845|60855|60911|60915|61014|61104|61116|61307|61308,1,"","","",""
0,10013,3,12200003,60211|60212|60205|60415|60503|60603|60709|60835|60836|60842|60924|61013|61117|61202|61203|61216,1,"","","",""
0,10013,4,12300001,60114|60115|60104|60105|60215|60217|60218|60202|60208|60306|60307|60414|60416|60501|60604|60605|60704|60705|60802|60805|60813|60814|60823|60825|60832|60835|60836|60845|60852|60855|60906|60912|60913|60915|60917|60926|61004|61005|61007|61011|61014|61017|61105|61115|61202|61302|61306|61307|61308,1,"","","",""
0,10013,5,12400002,60214|60208|60402|60813|60814|60836|60844|61213|61308,1,"","","",""
0,10013,6,11000002,60216|60204|60404|60504|60707|60833|60902|60917|61012|61013|61103|61213,1,"","","",""
0,10013,7,12500003,60114|60104|60306|60412|60415|60501|60601|60602|60806|60809|60835|60843|60852|60912|60915|60921|60926|61014|61017|61103|61104|61111|61116|61201|61215|61307,1,"","","",""
0,10013,8,12600003,60114|60104|60212|60216|60204|60207|60401|60403|60501|60803|60811|60812|60823|60832|60833|60834|60835|60906|60915|61002|61003|61012|61102|61201|61208|61214|61304|61306,1,"","","",""
0,10013,9,12000004,60302|60405|60606|60705|60706|60809|60825|60845|60855|60904|60906|60912|60921|60922|60926|61007|61013|61016|61104|61117|61206|61207|61208|61304|61308,1,"","","",""
0,10013,10,12000004,60302|60405|60606|60705|60706|60809|60825|60845|60855|60904|60906|60912|60921|60922|60926|61007|61013|61016|61104|61117|61206|61207|61208|61304|61308,1,"","","",""
0,10013,11,11810006,60801|60844|60855|60915|60917|61001|61002|61006|61111|61117|61202|61304,1,"","","",""
0,10013,12,11000003,60303|60401|60502|60702|60113|60103|61103,1,"","","",""
0,10014,1,12100002,60308|60416|60502|60705|60809|60841|60842|60852|60926|61004|61012|61015|61201|61214|61217|61301|61303|61305|61307|61308,1,"","","",""
0,10014,2,11900006,60404|60416|60502|60802|60803|60809|60827|60836|60903|60905|60906|60913|61002|61003|61005|61008|61013|61016|61201|61205|61302|61303|61308,1,"","","",""
0,10014,3,12200003,60219|60307|60401|60404|60411|60413|60415|60604|60808|60831|60832|60837|60916|61006|61008|61016|61017|61112|61203|61208|61211|61216,1,"","","",""
0,10014,4,12300001,60114|60115|60104|60105|60215|60217|60218|60202|60208|60306|60307|60406|60501|60604|60605|60704|60705|60802|60805|60813|60814|60823|60832|60833|60836|60845|60852|60855|60912|60913|60915|60917|60924|60926|61004|61011|61015|61017|61105|61113|61115|61207|61208|61302|61306|61307|61308,1,"","","",""
0,10014,5,12400002,60211|60208|60301|60308|60401|60406|60413|60505|60605|60804|60823|60824|60855|60914|60915|60922|61004|61005|61013|61017|61208|61212|61303|61308,1,"","","",""
0,10014,6,11000002,60215|60218|60205|60304|60305|60403|60406|60413|60502|60702|60703|60708|60807|60809|60823|60827|60834|60836|60837|60855|60904|60911|60915|60917|61006|61008|61012|61117|61202|61207|61217|61307,1,"","","",""
0,10014,7,12500003,60114|60104|60216|60203|60411|60601|60703|60815|60816|60824|60834|60836|60843|60855|60905|60914|60921|61002|61013|61103|61114|61116|61208|61213,1,"","","",""
0,10014,8,12600003,60114|60104|60308|60413|60602|60802|60824|60845|60853|60855|60903|60925|61002|61004|61008|61012|61014|61101|61104|61202|61205|61216|61305|61306,1,"","","",""
0,10014,9,12000004,60219|60204|60405|60505|60603|60821|60825|60836|60837|60855|60902|60906|60914|60917|61004|61005|61014|61017|61106|61112|61113|61206|61207|61211|61212|61217|61302|61305|61307,1,"","","",""
0,10014,10,12000004,60219|60204|60405|60505|60603|60821|60825|60836|60837|60855|60902|60906|60914|60917|61004|61005|61014|61017|61106|61112|61113|61206|61207|61211|61212|61217|61302|61305|61307,1,"","","",""
0,10014,11,11810006,60802|60842|60845|60852|60913|60917|60926|61006|61016|61301|61308,1,"","","",""
0,10014,12,11000003,60113|60103|60217|60207|60411|60707|60602|60801|60806|60821|60827|60832|60834|60854|60855|60904|60923|60926|61002|61005|61007|61008|61013|61017|61206|61208|61217|61301|61308,1,"","","",""
0,10015,1,12100002,60308|60416|60502|60705|60809|60841|60842|60852|60926|61004|61012|61015|61201|61214|61217|61301|61303|61305|61307|61308,1,"","","",""
0,10015,2,11900006,60404|60416|60502|60802|60803|60809|60827|60836|60903|60905|60906|60913|61002|61003|61005|61008|61013|61016|61201|61205|61302|61303|61308,1,"","","",""
0,10015,3,12200003,60219|60307|60401|60404|60411|60413|60415|60604|60808|60831|60832|60837|60916|61006|61008|61016|61017|61112|61203|61208|61211|61216,1,"","","",""
0,10015,4,12300001,60114|60115|60104|60105|60215|60217|60218|60202|60208|60306|60307|60406|60501|60604|60605|60704|60705|60802|60805|60813|60814|60823|60832|60833|60836|60845|60852|60855|60912|60913|60915|60917|60924|60926|61004|61011|61015|61017|61105|61113|61115|61207|61208|61302|61306|61307|61308,1,"","","",""
0,10015,5,12400002,60211|60208|60301|60308|60401|60406|60413|60505|60605|60804|60823|60824|60855|60914|60915|60922|61004|61005|61013|61017|61208|61212|61303|61308,1,"","","",""
0,10015,6,11000002,60215|60218|60205|60304|60305|60403|60406|60413|60502|60702|60703|60708|60807|60809|60823|60827|60834|60836|60837|60855|60904|60911|60915|60917|61006|61008|61012|61117|61202|61207|61217|61307,1,"","","",""
0,10015,7,12500003,60114|60104|60216|60203|60411|60601|60703|60815|60816|60824|60834|60836|60843|60855|60905|60914|60921|61002|61013|61103|61114|61116|61208|61213,1,"","","",""
0,10015,8,12600003,60114|60104|60308|60413|60602|60802|60824|60845|60853|60855|60903|60925|61002|61004|61008|61012|61014|61101|61104|61202|61205|61216|61305|61306,1,"","","",""
0,10015,9,12000004,60219|60204|60405|60505|60603|60821|60825|60836|60837|60855|60902|60906|60914|60917|61004|61005|61014|61017|61106|61112|61113|61206|61207|61211|61212|61217|61302|61305|61307,1,"","","",""
0,10015,10,12000004,60219|60204|60405|60505|60603|60821|60825|60836|60837|60855|60902|60906|60914|60917|61004|61005|61014|61017|61106|61112|61113|61206|61207|61211|61212|61217|61302|61305|61307,1,"","","",""
0,10015,11,11810006,60802|60842|60845|60852|60913|60917|60926|61006|61016|61301|61308,1,"","","",""
0,10015,12,11000003,60113|60103|60217|60207|60411|60707|60602|60801|60806|60821|60827|60832|60834|60854|60855|60904|60923|60926|61002|61005|61007|61008|61013|61017|61206|61208|61217|61301|61308,1,"","","",""
0,10016,1,12100002,60308|60416|60502|60705|60809|60841|60842|60852|60926|61004|61012|61015|61201|61214|61217|61301|61303|61305|61307|61308,1,"","","",""
0,10016,2,11900006,60404|60416|60502|60802|60803|60809|60827|60836|60903|60905|60906|60913|61002|61003|61005|61008|61013|61016|61201|61205|61302|61303|61308,1,"","","",""
0,10016,3,12200003,60219|60307|60401|60404|60411|60413|60415|60604|60808|60831|60832|60837|60916|61006|61008|61016|61017|61112|61203|61208|61211|61216,1,"","","",""
0,10016,4,12300001,60114|60115|60104|60105|60215|60217|60218|60202|60208|60306|60307|60406|60501|60604|60605|60704|60705|60802|60805|60813|60814|60823|60832|60833|60836|60845|60852|60855|60912|60913|60915|60917|60924|60926|61004|61011|61015|61017|61105|61113|61115|61207|61208|61302|61306|61307|61308,1,"","","",""
0,10016,5,12400002,60211|60208|60301|60308|60401|60406|60413|60505|60605|60804|60823|60824|60855|60914|60915|60922|61004|61005|61013|61017|61208|61212|61303|61308,1,"","","",""
0,10016,6,11000002,60215|60218|60205|60304|60305|60403|60406|60413|60502|60702|60703|60708|60807|60809|60823|60827|60834|60836|60837|60855|60904|60911|60915|60917|61006|61008|61012|61117|61202|61207|61217|61307,1,"","","",""
0,10016,7,12500003,60114|60104|60216|60203|60411|60601|60703|60815|60816|60824|60834|60836|60843|60855|60905|60914|60921|61002|61013|61103|61114|61116|61208|61213,1,"","","",""
0,10016,8,12600003,60114|60104|60308|60413|60602|60802|60824|60845|60853|60855|60903|60925|61002|61004|61008|61012|61014|61101|61104|61202|61205|61216|61305|61306,1,"","","",""
0,10016,9,12000004,60219|60204|60405|60505|60603|60821|60825|60836|60837|60855|60902|60906|60914|60917|61004|61005|61014|61017|61106|61112|61113|61206|61207|61211|61212|61217|61302|61305|61307,1,"","","",""
0,10016,10,12000004,60219|60204|60405|60505|60603|60821|60825|60836|60837|60855|60902|60906|60914|60917|61004|61005|61014|61017|61106|61112|61113|61206|61207|61211|61212|61217|61302|61305|61307,1,"","","",""
0,10016,11,11810006,60802|60842|60845|60852|60913|60917|60926|61006|61016|61301|61308,1,"","","",""
0,10016,12,11000003,60113|60103|60217|60207|60411|60707|60602|60801|60806|60821|60827|60832|60834|60854|60855|60904|60923|60926|61002|61005|61007|61008|61013|61017|61206|61208|61217|61301|61308,1,"","","",""
0,10017,1,12100002,60308|60416|60502|60705|60809|60841|60842|60852|60926|61004|61012|61015|61201|61214|61217|61301|61303|61305|61307|61308,1,"","","",""
0,10017,2,11900006,60404|60416|60502|60802|60803|60809|60827|60836|60903|60905|60906|60913|61002|61003|61005|61008|61013|61016|61201|61205|61302|61303|61308,1,"","","",""
0,10017,3,12200003,60219|60307|60401|60404|60411|60413|60415|60604|60808|60831|60832|60837|60916|61006|61008|61016|61017|61112|61203|61208|61211|61216,1,"","","",""
0,10017,4,12300001,60114|60115|60104|60105|60215|60217|60218|60202|60208|60306|60307|60406|60501|60604|60605|60704|60705|60802|60805|60813|60814|60823|60832|60833|60836|60845|60852|60855|60912|60913|60915|60917|60924|60926|61004|61011|61015|61017|61105|61113|61115|61207|61208|61302|61306|61307|61308,1,"","","",""
0,10017,5,12400002,60211|60208|60301|60308|60401|60406|60413|60505|60605|60804|60823|60824|60855|60914|60915|60922|61004|61005|61013|61017|61208|61212|61303|61308,1,"","","",""
0,10017,6,11000002,60215|60218|60205|60304|60305|60403|60406|60413|60502|60702|60703|60708|60807|60809|60823|60827|60834|60836|60837|60855|60904|60911|60915|60917|61006|61008|61012|61117|61202|61207|61217|61307,1,"","","",""
0,10017,7,12500003,60114|60104|60216|60203|60411|60601|60703|60815|60816|60824|60834|60836|60843|60855|60905|60914|60921|61002|61013|61103|61114|61116|61208|61213,1,"","","",""
0,10017,8,12600003,60114|60104|60308|60413|60602|60802|60824|60845|60853|60855|60903|60925|61002|61004|61008|61012|61014|61101|61104|61202|61205|61216|61305|61306,1,"","","",""
0,10017,9,12000004,60219|60204|60405|60505|60603|60821|60825|60836|60837|60855|60902|60906|60914|60917|61004|61005|61014|61017|61106|61112|61113|61206|61207|61211|61212|61217|61302|61305|61307,1,"","","",""
0,10017,10,12000004,60219|60204|60405|60505|60603|60821|60825|60836|60837|60855|60902|60906|60914|60917|61004|61005|61014|61017|61106|61112|61113|61206|61207|61211|61212|61217|61302|61305|61307,1,"","","",""
0,10017,11,11810006,60802|60842|60845|60852|60913|60917|60926|61006|61016|61301|61308,1,"","","",""
0,10017,12,11000003,60113|60103|60217|60207|60411|60707|60602|60801|60806|60821|60827|60832|60834|60854|60855|60904|60923|60926|61002|61005|61007|61008|61013|61017|61206|61208|61217|61301|61308,1,"","","",""
0,10018,1,12100002,60212|60305|60406|60412|60503|60706|60710|60805|60835|60851|60902|60904|60915|60924|60925|60926|61002|61006|61114|61203|61213|61217|61305,1,"","","",""
0,10018,2,11900006,60415|60606|60701|60817|60837|60855|60911|60915|61014|61104|61116|61214|61307|61308,1,"","","",""
0,10018,3,12200003,60211|60212|60205|60415|60503|60601|60802|60811|60812|60835|60837|60913|61008|61103|61115|61208|61211|61215|61302,1,"","","",""
0,10018,4,12300001,60114|60115|60104|60105|60215|60217|60218|60202|60208|60306|60307|60414|60416|60501|60604|60605|60704|60705|60802|60805|60813|60814|60823|60825|60832|60835|60836|60845|60852|60855|60906|60912|60913|60915|60917|60926|61004|61005|61007|61011|61014|61017|61105|61115|61202|61302|61306|61307|61308,1,"","","",""
0,10018,5,12400002,60214|60208|60402|60505|60705|60804|60823|60834|60917|61002|61017|61217|61303|61308,1,"","","",""
0,10018,6,11000002,60214|60201|60205|60206|60207|60302|60412|60504|60602|60604|60605|60606|60701|60704|60705|60710|60809|60824|60826|60841|60851|60852|60855|60905|60917|60925|61003|61004|61015|61016|61101|61111|61203|61208|61216|61306,1,"","","",""
0,10018,7,12500003,60114|60104|60306|60412|60415|60501|60817|60826|60836|60843|60855|60915|60917|60926|61013|61015|61106|61115|61201|61214|61306,1,"","","",""
0,10018,8,12600003,60114|60104|60212|60216|60204|60207|60401|60403|60504|60707|60808|60835|60844|60851|60855|60901|60903|60905|60911|61007|61011|61012|61101|61111|61116|61212|61215|61217,1,"","","",""
0,10018,9,12000004,60302|60405|60606|60705|60706|60809|60825|60845|60855|60904|60906|60912|60921|60922|60926|61002|61007|61013|61016|61117|61206|61207|61208|61304|61308,1,"","","",""
0,10018,10,12000004,60302|60405|60606|60705|60706|60809|60825|60845|60855|60904|60906|60912|60921|60922|60926|61002|61007|61013|61016|61117|61206|61207|61208|61304|61308,1,"","","",""
0,10018,11,11810006,60801|60844|60855|60915|60917|61001|61002|61006|61111|61117|61202|61304,1,"","","",""
0,10018,12,11000003,60112|60113|60102|60103|60306|60411|60605|60808|60831|61014|61015,1,"","","",""
0,10019,1,12100002,60212|60305|60406|60412|60503|60706|60710|60805|60835|60851|60902|60904|60915|60924|60925|60926|61002|61006|61114|61203|61213|61217|61305,1,"","","",""
0,10019,2,11900006,60415|60606|60701|60817|60837|60855|60911|60915|61014|61104|61116|61214|61307|61308,1,"","","",""
0,10019,3,12200003,60211|60212|60205|60415|60503|60601|60802|60811|60812|60835|60837|60913|61008|61103|61115|61208|61211|61215|61302,1,"","","",""
0,10019,4,12300001,60114|60115|60104|60105|60215|60217|60218|60202|60208|60306|60307|60414|60416|60501|60604|60605|60704|60705|60802|60805|60813|60814|60823|60825|60832|60835|60836|60845|60852|60855|60906|60912|60913|60915|60917|60926|61004|61005|61007|61011|61014|61017|61105|61115|61202|61302|61306|61307|61308,1,"","","",""
0,10019,5,12400002,60214|60208|60402|60505|60705|60804|60823|60834|60917|61002|61017|61217|61303|61308,1,"","","",""
0,10019,6,11000002,60214|60201|60205|60206|60207|60302|60412|60504|60602|60604|60605|60606|60701|60704|60705|60710|60809|60824|60826|60841|60851|60852|60855|60905|60917|60925|61003|61004|61015|61016|61101|61111|61203|61208|61216|61306,1,"","","",""
0,10019,7,12500003,60114|60104|60306|60412|60415|60501|60817|60826|60836|60843|60855|60915|60917|60926|61013|61015|61106|61115|61201|61214|61306,1,"","","",""
0,10019,8,12600003,60114|60104|60212|60216|60204|60207|60401|60403|60504|60707|60808|60835|60844|60851|60855|60901|60903|60905|60911|61007|61011|61012|61101|61111|61116|61212|61215|61217,1,"","","",""
0,10019,9,12000004,60302|60405|60606|60705|60706|60809|60825|60845|60855|60904|60906|60912|60921|60922|60926|61002|61007|61013|61016|61117|61206|61207|61208|61304|61308,1,"","","",""
0,10019,10,12000004,60302|60405|60606|60705|60706|60809|60825|60845|60855|60904|60906|60912|60921|60922|60926|61002|61007|61013|61016|61117|61206|61207|61208|61304|61308,1,"","","",""
0,10019,11,11810006,60801|60844|60855|60915|60917|61001|61002|61006|61111|61117|61202|61304,1,"","","",""
0,10019,12,11000003,60112|60113|60102|60103|60306|60411|60605|60808|60831|61014|61015,1,"","","",""
0,10020,1,12100002,60212|60305|60406|60414|60503|60706|60710|60805|60835|60851|60902|60904|60915|60924|60925|60926|61002|61006|61114|61203|61213|61217|61305,1,"","","",""
0,10020,2,11900006,60404|60416|60502|60802|60803|60809|60827|60836|60903|60906|60913|61002|61003|61005|61008|61013|61016|61201|61205|61214|61302|61303|61308,1,"","","",""
0,10020,3,12200003,60211|60212|60205|60415|60503|60601|60802|60811|60812|60835|60837|60913|61008|61103|61115|61208|61211|61215|61302,1,"","","",""
0,10020,4,12300001,60114|60115|60104|60105|60215|60217|60218|60202|60208|60306|60307|60406|60501|60604|60605|60704|60705|60802|60805|60813|60814|60823|60832|60833|60836|60845|60852|60855|60912|60913|60915|60917|60924|60926|61004|61011|61015|61017|61105|61113|61115|61207|61208|61302|61306|61307|61308,1,"","","",""
0,10020,5,12400002,60214|60208|60402|60505|60705|60804|60823|60834|60917|61002|61017|61217|61303|61308,1,"","","",""
0,10020,6,11000002,60218|60205|60305|60401|60406|60413|60416|60502|60503|60702|60703|60708|60806|60823|60834|60854|60855|60904|60905|60906|60911|61006|61008|61017|61117|61202|61207|61217|61304|61307,1,"","","",""
0,10020,7,12500003,60114|60104|60306|60412|60415|60501|60817|60826|60836|60843|60855|60915|60917|60926|61013|61015|61106|61115|61201|61214|61306,1,"","","",""
0,10020,8,12600003,60114|60104|60212|60216|60204|60207|60401|60403|60504|60707|60808|60835|60844|60851|60855|60901|60903|60905|60911|61007|61011|61012|61101|61111|61116|61212|61215|61217,1,"","","",""
0,10020,9,12000004,60219|60204|60405|60505|60603|60821|60825|60836|60837|60855|60902|60906|60914|60917|61002|61004|61005|61014|61017|61106|61112|61113|61206|61207|61211|61217|61302|61305|61307,1,"","","",""
0,10020,10,12000004,60219|60204|60405|60505|60603|60821|60825|60836|60837|60855|60902|60906|60914|60917|61002|61004|61005|61014|61017|61106|61112|61113|61206|61207|61211|61217|61302|61305|61307,1,"","","",""
0,10020,11,11810006,60802|60842|60845|60852|60913|60917|60926|61006|61016|61301|61308,1,"","","",""
0,10020,12,11000003,60111|60113|60101|60103|60306|60411|60502|60808|61014,1,"","","",""
0,10023,1,12100002,60308|60416|60502|60705|60809|60841|60842|60852|60926|61004|61012|61015|61201|61214|61217|61301|61303|61305|61307|61308,1,"","","",""
0,10023,2,11900006,60404|60416|60502|60802|60803|60809|60827|60833|60836|60903|60906|60913|61002|61003|61005|61008|61013|61016|61201|61205|61302|61303|61308,1,"","","",""
0,10023,3,12200003,60219|60307|60401|60404|60411|60413|60415|60604|60808|60831|60832|60837|60916|61006|61008|61016|61017|61112|61202|61203|61211|61216,1,"","","",""
0,10023,4,12300001,60114|60115|60104|60105|60215|60217|60218|60202|60208|60306|60307|60406|60501|60604|60605|60704|60705|60802|60805|60813|60814|60823|60832|60833|60836|60845|60852|60855|60912|60913|60915|60917|60924|60926|61004|61011|61015|61017|61105|61113|61115|61207|61208|61302|61306|61307|61308,1,"","","",""
0,10023,5,12400002,60211|60208|60301|60308|60401|60406|60413|60505|60605|60804|60823|60824|60855|60914|60915|60922|61004|61005|61013|61017|61208|61212|61303|61308,1,"","","",""
0,10023,6,11000002,60215|60218|60205|60304|60305|60403|60406|60413|60502|60702|60703|60708|60807|60809|60823|60827|60834|60836|60837|60855|60904|60911|60915|60917|61006|61008|61012|61117|61202|61207|61217|61307,1,"","","",""
0,10023,7,12500003,60114|60104|60216|60203|60411|60601|60703|60815|60816|60824|60836|60843|60855|60905|60906|60914|60921|61002|61013|61103|61114|61116|61208|61213,1,"","","",""
0,10023,8,12600003,60114|60104|60308|60413|60602|60802|60824|60845|60853|60855|60903|60925|61004|61008|61012|61013|61014|61101|61104|61202|61205|61216|61305|61306,1,"","","",""
0,10023,9,12000004,60219|60204|60405|60505|60603|60821|60825|60836|60837|60855|60902|60906|60914|60917|61004|61005|61014|61017|61106|61112|61113|61206|61207|61211|61213|61217|61302|61305|61307,1,"","","",""
0,10023,10,12000004,60219|60204|60405|60505|60603|60821|60825|60836|60837|60855|60902|60906|60914|60917|61004|61005|61014|61017|61106|61112|61113|61206|61207|61211|61213|61217|61302|61305|61307,1,"","","",""
0,10023,11,11810006,60802|60842|60845|60852|60913|60917|60926|61006|61016|61301|61308,1,"","","",""
0,10023,12,11000003,60113|60103|60217|60207|60411|60602|60707|60801|60806|60821|60827|60832|60834|60854|60855|60904|60923|60926|61002|61005|61007|61008|61013|61017|61206|61208|61217|61301|61308,1,"","","",""
0,10026,1,12100002,60308|60416|60502|60705|60809|60841|60842|60852|60926|61004|61012|61015|61201|61214|61217|61301|61303|61305|61307|61308,1,"","","",""
0,10026,2,11900006,60404|60416|60502|60802|60803|60809|60827|60836|60903|60906|60913|60926|61002|61003|61005|61008|61013|61016|61201|61205|61302|61303|61308,1,"","","",""
0,10026,3,12200003,60219|60307|60401|60404|60411|60413|60415|60604|60808|60831|60832|60837|60916|61006|61008|61016|61017|61112|61203|61211|61216|61303,1,"","","",""
0,10026,4,12300001,60114|60115|60104|60105|60215|60217|60218|60202|60208|60306|60307|60406|60501|60604|60605|60704|60705|60802|60805|60813|60814|60823|60832|60833|60836|60845|60852|60855|60912|60913|60915|60917|60924|60926|61004|61011|61015|61017|61105|61113|61115|61207|61208|61302|61306|61307|61308,1,"","","",""
0,10026,5,12400002,60211|60208|60301|60308|60401|60406|60413|60505|60605|60804|60823|60824|60855|60914|60915|60922|61004|61005|61013|61017|61208|61212|61303|61308,1,"","","",""
0,10026,6,11000002,60215|60218|60205|60305|60401|60403|60406|60413|60416|60502|60503|60702|60703|60708|60806|60809|60823|60827|60834|60836|60855|60904|60905|60906|60911|60915|61006|61008|61012|61017|61117|61202|61217|61304|61307,1,"","","",""
0,10026,7,12500003,60114|60104|60216|60203|60411|60601|60703|60815|60816|60824|60836|60843|60855|60905|60914|60921|61002|61013|61103|61114|61116|61208|61213,1,"","","",""
0,10026,8,12600003,60114|60104|60308|60413|60602|60802|60824|60845|60853|60855|60903|60925|61004|61008|61012|61014|61101|61104|61202|61205|61216|61305|61306,1,"","","",""
0,10026,9,12000004,60219|60204|60405|60505|60603|60821|60825|60836|60837|60855|60902|60906|60914|60917|61004|61005|61007|61014|61017|61106|61112|61113|61206|61207|61211|61217|61302|61305|61307,1,"","","",""
0,10026,10,12000004,60219|60204|60405|60505|60603|60821|60825|60836|60837|60855|60902|60906|60914|60917|61004|61005|61007|61014|61017|61106|61112|61113|61206|61207|61211|61217|61302|61305|61307,1,"","","",""
0,10026,11,11810006,60802|60842|60845|60852|60913|60917|60926|61006|61016|61301|61308,1,"","","",""
0,10026,12,11000003,60113|60103|60217|60207|60411|60602|60707|60801|60806|60821|60827|60832|60834|60854|60855|60904|60923|60926|61002|61005|61007|61008|61013|61017|61206|61208|61217|61301|61308,1,"","","",""
0,10027,1,12100002,60308|60416|60502|60705|60809|60841|60842|60852|60926|61004|61012|61015|61201|61214|61217|61301|61303|61305|61307|61308,1,"","","",""
0,10027,2,11900006,60404|60416|60502|60802|60803|60809|60827|60836|60903|60906|60913|60926|61002|61003|61005|61008|61013|61016|61201|61205|61302|61303|61308,1,"","","",""
0,10027,3,12200003,60219|60307|60401|60404|60411|60413|60415|60604|60808|60831|60832|60837|60916|61006|61008|61016|61017|61112|61203|61211|61216|61303,1,"","","",""
0,10027,4,12300001,60114|60115|60104|60105|60215|60217|60218|60202|60208|60306|60307|60406|60501|60604|60605|60704|60705|60802|60805|60813|60814|60823|60832|60833|60836|60845|60852|60855|60912|60913|60915|60917|60924|60926|61004|61011|61015|61017|61105|61113|61115|61207|61208|61302|61306|61307|61308,1,"","","",""
0,10027,5,12400002,60211|60208|60301|60308|60401|60406|60413|60505|60605|60804|60823|60824|60855|60914|60915|60922|61004|61005|61013|61017|61208|61212|61303|61308,1,"","","",""
0,10027,6,11000002,60215|60218|60205|60305|60401|60403|60406|60413|60416|60502|60503|60702|60703|60708|60806|60809|60823|60827|60834|60836|60855|60904|60905|60906|60911|60915|61006|61008|61012|61017|61117|61202|61217|61304|61307,1,"","","",""
0,10027,7,12500003,60114|60104|60216|60203|60411|60601|60703|60815|60816|60824|60836|60843|60855|60905|60914|60921|61002|61013|61103|61114|61116|61208|61213,1,"","","",""
0,10027,8,12600003,60114|60104|60308|60413|60602|60802|60824|60845|60853|60855|60903|60925|61004|61008|61012|61014|61101|61104|61202|61205|61216|61305|61306,1,"","","",""
0,10027,9,12000004,60219|60204|60405|60505|60603|60821|60825|60836|60837|60855|60902|60906|60914|60917|61004|61005|61007|61014|61017|61106|61112|61113|61206|61207|61211|61217|61302|61305|61307,1,"","","",""
0,10027,10,12000004,60219|60204|60405|60505|60603|60821|60825|60836|60837|60855|60902|60906|60914|60917|61004|61005|61007|61014|61017|61106|61112|61113|61206|61207|61211|61217|61302|61305|61307,1,"","","",""
0,10027,11,11810006,60802|60842|60845|60852|60913|60917|60926|61006|61016|61301|61308,1,"","","",""
0,10027,12,11000003,60113|60103|60217|60207|60411|60602|60707|60801|60806|60821|60827|60832|60834|60854|60855|60904|60923|60926|61002|61005|61007|61008|61013|61017|61206|61208|61217|61301|61308,1,"","","",""
0,10028,1,12100002,60302|60402|60411|60807|60815|60816|60842|61217,1,"","","",""
0,10028,2,11900006,60404|60416|60502|60802|60803|60809|60827|60836|60903|60906|60913|60917|61002|61003|61005|61008|61013|61016|61201|61205|61302|61303|61308,1,"","","",""
0,10028,3,12200003,60115|60105|60307|60414|60708|60710|60831|60855|60915|60921|61002|61012|61101|61201|61212|61306,1,"","","",""
0,10028,4,12300001,60114|60115|60104|60105|60215|60217|60218|60202|60208|60306|60307|60406|60501|60604|60605|60704|60705|60802|60805|60813|60814|60823|60832|60833|60836|60845|60852|60855|60912|60913|60915|60917|60924|60926|61004|61011|61015|61017|61105|61113|61115|61207|61208|61302|61306|61307|61308,1,"","","",""
0,10028,5,12400002,60304|60403|60505|60836|61101|61308,1,"","","",""
0,10028,6,11000002,60203|60304|60401|60416|60503|60806|60807|60823|60837|60905|60906|60917|61017|61207|61208|61304,1,"","","",""
0,10028,7,12500003,60115|60105|60301|60413|60416|60603|60701|60801|60843|60906|60913|60916|60922|61003|61015|61117|61208|61211|61215|61217|61305,1,"","","",""
0,10028,8,12600003,60115|60105|60216|60202|60412|60415|60601|60603|60809|60835|60841|60853|60903|60926|61006|61008|61012|61014|61106|61203|61204|61213|61305,1,"","","",""
0,10028,9,12000004,60219|60204|60405|60505|60603|60821|60825|60836|60837|60855|60902|60906|60914|60917|61003|61004|61005|61014|61017|61106|61112|61113|61206|61207|61211|61217|61302|61305|61307,1,"","","",""
0,10028,10,12000004,60219|60204|60405|60505|60603|60821|60825|60836|60837|60855|60902|60906|60914|60917|61003|61004|61005|61014|61017|61106|61112|61113|61206|61207|61211|61217|61302|61305|61307,1,"","","",""
0,10028,11,11810006,60802|60842|60845|60852|60913|60917|60926|61006|61016|61301|61308,1,"","","",""
0,10028,12,11000003,60111|60112|60113|60101|60102|60103|60218|60303|60405|60411|60602|60707|60806|60807|60821|60827|60832|60854|60855|60923|60926|61005|61007|61008|61115|61203|61208|61307|61308,1,"","","",""
0,10029,1,12100002,60211|60302|60402|60414|60504|60505|60806|60815|60816|60835|60842|60854|60902|61008|61017|61215|61217|61305,1,"","","",""
0,10029,2,11900006,60415|60606|60701|60817|60837|60855|60911|60915|60917|61014|61104|61116|61307|61308,1,"","","",""
0,10029,3,12200003,60115|60105|60307|60414|60708|60710|60831|60855|60915|60921|61002|61012|61101|61201|61212|61306,1,"","","",""
0,10029,4,12300001,60114|60115|60104|60105|60215|60217|60218|60202|60208|60306|60307|60414|60416|60501|60604|60605|60704|60705|60802|60805|60813|60814|60823|60825|60832|60835|60836|60845|60852|60855|60906|60912|60913|60915|60917|60926|61004|61005|61007|61011|61014|61017|61105|61115|61202|61302|61306|61307|61308,1,"","","",""
0,10029,5,12400002,60219|60304|60416|60501|60505|60823|60835|60836|60906|60925|61002|61101|61216|61308,1,"","","",""
0,10029,6,11000002,60111|60112|60101|60102|60214|60203|60206|60207|60208|60301|60302|60405|60503|60504|60604|60701|60705|60710|60822|60824|60827|60835|60841|60844|60851|60855|60906|60912|60917|60922|60924|60926|61002|61003|61014|61016|61105|61111|61113|61204|61208|61216|61217|61305,1,"","","",""
0,10029,7,12500003,60115|60105|60301|60413|60416|60603|60701|60801|60843|60906|60913|60916|60922|61003|61015|61117|61208|61211|61215|61217|61305,1,"","","",""
0,10029,8,12600003,60115|60105|60216|60202|60412|60415|60601|60603|60809|60835|60841|60853|60903|60926|61006|61008|61012|61014|61106|61203|61204|61213|61305,1,"","","",""
0,10029,9,12000004,60302|60405|60606|60705|60706|60809|60825|60845|60855|60904|60906|60912|60921|60922|60926|61003|61007|61013|61016|61117|61206|61207|61208|61304|61308,1,"","","",""
0,10029,10,12000004,60302|60405|60606|60705|60706|60809|60825|60845|60855|60904|60906|60912|60921|60922|60926|61003|61007|61013|61016|61117|61206|61207|61208|61304|61308,1,"","","",""
0,10029,11,11810006,60801|60844|60855|60915|60917|61001|61002|61006|61111|61117|61202|61304,1,"","","",""
0,10029,12,11000003,60111|60112|60101|60102|60213|60202|60416|60504|60708|60831|60853|60911|60916|61012|61016|61208|61308,1,"","","",""
0,10030,1,12100002,60211|60302|60402|60414|60504|60505|60806|60815|60816|60835|60842|60854|60902|61008|61017|61215|61217|61305,1,"","","",""
0,10030,2,11900006,60415|60606|60701|60817|60837|60855|60911|60915|60917|61014|61104|61116|61307|61308,1,"","","",""
0,10030,3,12200003,60115|60105|60307|60414|60708|60710|60831|60855|60915|60921|61002|61012|61101|61201|61212|61306,1,"","","",""
0,10030,4,12300001,60114|60115|60104|60105|60215|60217|60218|60202|60208|60306|60307|60414|60416|60501|60604|60605|60704|60705|60802|60805|60813|60814|60823|60825|60832|60835|60836|60845|60852|60855|60906|60912|60913|60915|60917|60926|61004|61005|61007|61011|61014|61017|61105|61115|61202|61302|61306|61307|61308,1,"","","",""
0,10030,5,12400002,60219|60304|60416|60501|60505|60823|60835|60836|60906|60925|61002|61101|61216|61308,1,"","","",""
0,10030,6,11000002,60201|60205|60206|60303|60402|60414|60504|60605|60606|60702|60704|60705|60808|60809|60817|60822|60826|60841|60844|60852|60853|60855|60901|60903|60905|60925|60926|61004|61008|61015|61017|61101|61102|61117|61201|61202|61203|61206|61305|61306|61308,1,"","","",""
0,10030,7,12500003,60115|60105|60301|60413|60416|60603|60701|60801|60843|60906|60913|60916|60922|61003|61015|61117|61208|61211|61215|61217|61305,1,"","","",""
0,10030,8,12600003,60115|60105|60216|60202|60412|60415|60601|60603|60809|60835|60841|60853|60903|60926|61006|61008|61012|61014|61106|61203|61204|61213|61305,1,"","","",""
0,10030,9,12000004,60302|60405|60606|60705|60706|60809|60825|60845|60855|60904|60906|60912|60921|60922|60926|61003|61007|61013|61016|61117|61206|61207|61208|61304|61308,1,"","","",""
0,10030,10,12000004,60302|60405|60606|60705|60706|60809|60825|60845|60855|60904|60906|60912|60921|60922|60926|61003|61007|61013|61016|61117|61206|61207|61208|61304|61308,1,"","","",""
0,10030,11,11810006,60801|60844|60855|60915|60917|61001|61002|61006|61111|61117|61202|61304,1,"","","",""
0,10030,12,11000003,60112|60102|60304|60402|60503|60704,1,"","","",""
0,10031,1,12100002,60211|60302|60402|60414|60504|60505|60806|60815|60816|60835|60842|60854|60902|61008|61017|61215|61217|61305,1,"","","",""
0,10031,2,11900006,60415|60606|60701|60817|60837|60855|60911|60915|60917|61014|61104|61116|61307|61308,1,"","","",""
0,10031,3,12200003,60115|60105|60307|60414|60708|60710|60831|60855|60915|60921|61002|61012|61101|61201|61212|61306,1,"","","",""
0,10031,4,12300001,60114|60115|60104|60105|60215|60217|60218|60202|60208|60306|60307|60414|60416|60501|60604|60605|60704|60705|60802|60805|60813|60814|60823|60825|60832|60835|60836|60845|60852|60855|60906|60912|60913|60915|60917|60926|61004|61005|61007|61011|61014|61017|61105|61115|61202|61302|61306|61307|61308,1,"","","",""
0,10031,5,12400002,60219|60304|60416|60501|60505|60823|60835|60836|60906|60925|61002|61101|61216|61308,1,"","","",""
0,10031,6,11000002,60201|60205|60206|60303|60402|60414|60504|60605|60606|60702|60704|60705|60808|60809|60817|60822|60826|60841|60844|60852|60853|60855|60901|60903|60905|60925|60926|61004|61008|61015|61017|61101|61102|61117|61201|61202|61203|61206|61305|61306|61308,1,"","","",""
0,10031,7,12500003,60115|60105|60301|60413|60416|60603|60701|60801|60843|60906|60913|60916|60922|61003|61015|61117|61208|61211|61215|61217|61305,1,"","","",""
0,10031,8,12600003,60115|60105|60216|60202|60412|60415|60601|60603|60809|60835|60841|60853|60903|60926|61006|61008|61012|61014|61106|61203|61204|61213|61305,1,"","","",""
0,10031,9,12000004,60302|60405|60606|60705|60706|60809|60825|60845|60855|60904|60906|60912|60921|60922|60926|61003|61007|61013|61016|61117|61206|61207|61208|61304|61308,1,"","","",""
0,10031,10,12000004,60302|60405|60606|60705|60706|60809|60825|60845|60855|60904|60906|60912|60921|60922|60926|61003|61007|61013|61016|61117|61206|61207|61208|61304|61308,1,"","","",""
0,10031,11,11810006,60801|60844|60855|60915|60917|61001|61002|61006|61111|61117|61202|61304,1,"","","",""
0,10031,12,11000003,60112|60102|60304|60402|60503|60704,1,"","","",""
0,10032,1,12100002,60212|60305|60406|60412|60503|60706|60710|60805|60835|60851|60902|60904|60915|60924|60925|60926|61002|61006|61114|61203|61213|61217|61305,1,"","","",""
0,10032,2,11900006,60415|60606|60701|60817|60837|60854|60855|60911|60915|61014|61104|61116|61307|61308,1,"","","",""
0,10032,3,12200003,60211|60212|60205|60415|60503|60601|60802|60811|60812|60835|60837|60913|61006|61008|61103|61208|61211|61215|61302,1,"","","",""
0,10032,4,12300001,60114|60115|60104|60105|60215|60217|60218|60202|60208|60306|60307|60414|60416|60501|60604|60605|60704|60705|60802|60805|60813|60814|60823|60825|60832|60835|60836|60845|60852|60855|60906|60912|60913|60915|60917|60926|61004|61005|61007|61011|61014|61017|61105|61115|61202|61302|61306|61307|61308,1,"","","",""
0,10032,5,12400002,60214|60208|60402|60505|60705|60804|60823|60834|60917|61002|61017|61217|61303|61308,1,"","","",""
0,10032,6,11000002,60111|60112|60113|60101|60102|60103|60214|60215|60203|60206|60207|60208|60301|60302|60308|60405|60503|60504|60505|60604|60701|60705|60709|60710|60803|60805|60822|60824|60827|60835|60836|60841|60844|60851|60855|60906|60912|60917|60922|60924|60926|61002|61003|61006|61011|61014|61016|61104|61105|61111|61112|61113|61201|61204|61206|61208|61216|61217|61305|61306,1,"","","",""
0,10032,7,12500003,60114|60104|60306|60412|60415|60501|60817|60826|60836|60843|60855|60915|60917|60926|61013|61015|61106|61115|61201|61211|61214|61306,1,"","","",""
0,10032,8,12600003,60114|60104|60212|60216|60204|60207|60401|60403|60504|60707|60808|60835|60844|60851|60855|60901|60903|60905|60911|61007|61011|61012|61101|61116|61203|61212|61215|61217,1,"","","",""
0,10032,9,12000004,60302|60405|60606|60705|60706|60809|60825|60845|60855|60904|60906|60912|60921|60922|60926|61007|61013|61016|61103|61117|61206|61207|61208|61304|61308,1,"","","",""
0,10032,10,12000004,60302|60405|60606|60705|60706|60809|60825|60845|60855|60904|60906|60912|60921|60922|60926|61007|61013|61016|61103|61117|61206|61207|61208|61304|61308,1,"","","",""
0,10032,11,11810006,60801|60844|60855|60915|60917|61001|61002|61006|61111|61117|61202|61304,1,"","","",""
0,10032,12,11000003,60111|60112|60113|60101|60102|60103|60214|60215|60203|60206|60207|60208|60301|60302|60308|60405|60503|60504|60505|60604|60701|60705|60709|60710|60803|60805|60822|60824|60827|60835|60836|60841|60844|60851|60855|60906|60912|60917|60922|60924|60926|61002|61003|61006|61011|61014|61016|61104|61105|61111|61112|61113|61201|61204|61206|61208|61216|61217|61305|61306,1,"","","",""
0,10033,1,12100002,60212|60305|60406|60412|60503|60706|60710|60805|60835|60851|60902|60904|60915|60924|60925|60926|61002|61006|61114|61203|61213|61217|61305,1,"","","",""
0,10033,2,11900006,60415|60606|60701|60817|60837|60854|60855|60911|60915|61014|61104|61116|61307|61308,1,"","","",""
0,10033,3,12200003,60211|60212|60205|60415|60503|60601|60802|60811|60812|60835|60837|60913|61006|61008|61103|61208|61211|61215|61302,1,"","","",""
0,10033,4,12300001,60114|60115|60104|60105|60215|60217|60218|60202|60208|60306|60307|60414|60416|60501|60604|60605|60704|60705|60802|60805|60813|60814|60823|60825|60832|60835|60836|60845|60852|60855|60906|60912|60913|60915|60917|60926|61004|61005|61007|61011|61014|61017|61105|61115|61202|61302|61306|61307|61308,1,"","","",""
0,10033,5,12400002,60214|60208|60402|60505|60705|60804|60823|60834|60917|61002|61017|61217|61303|61308,1,"","","",""
0,10033,6,11000002,60111|60112|60113|60101|60102|60103|60214|60215|60203|60206|60207|60208|60301|60302|60308|60405|60503|60504|60505|60604|60701|60705|60709|60710|60803|60805|60822|60824|60827|60835|60836|60841|60844|60851|60855|60906|60912|60917|60922|60924|60926|61002|61003|61006|61011|61014|61016|61104|61105|61111|61112|61113|61201|61204|61206|61208|61216|61217|61305|61306,1,"","","",""
0,10033,7,12500003,60114|60104|60306|60412|60415|60501|60817|60826|60836|60843|60855|60915|60917|60926|61013|61015|61106|61115|61201|61211|61214|61306,1,"","","",""
0,10033,8,12600003,60114|60104|60212|60216|60204|60207|60401|60403|60504|60707|60808|60835|60844|60851|60855|60901|60903|60905|60911|61007|61011|61012|61101|61116|61203|61212|61215|61217,1,"","","",""
0,10033,9,12000004,60302|60405|60606|60705|60706|60809|60825|60845|60855|60904|60906|60912|60921|60922|60926|61007|61013|61016|61103|61117|61206|61207|61208|61304|61308,1,"","","",""
0,10033,10,12000004,60302|60405|60606|60705|60706|60809|60825|60845|60855|60904|60906|60912|60921|60922|60926|61007|61013|61016|61103|61117|61206|61207|61208|61304|61308,1,"","","",""
0,10033,11,11810006,60801|60844|60855|60915|60917|61001|61002|61006|61111|61117|61202|61304,1,"","","",""
0,10033,12,11000003,60111|60112|60113|60101|60102|60103|60214|60215|60203|60206|60207|60208|60301|60302|60308|60405|60503|60504|60505|60604|60701|60705|60709|60710|60803|60805|60822|60824|60827|60835|60836|60841|60844|60851|60855|60906|60912|60917|60922|60924|60926|61002|61003|61006|61011|61014|61016|61104|61105|61111|61112|61113|61201|61204|61206|61208|61216|61217|61305|61306,1,"","","",""
0,10034,1,12100002,60212|60305|60406|60412|60503|60706|60710|60805|60835|60851|60902|60904|60915|60924|60925|60926|61002|61006|61114|61203|61213|61217|61305,1,"","","",""
0,10034,2,11900006,60415|60606|60701|60817|60837|60854|60855|60911|60915|61014|61104|61116|61307|61308,1,"","","",""
0,10034,3,12200003,60211|60212|60205|60415|60503|60601|60802|60811|60812|60835|60837|60913|61006|61008|61103|61208|61211|61215|61302,1,"","","",""
0,10034,4,12300001,60114|60115|60104|60105|60215|60217|60218|60202|60208|60306|60307|60414|60416|60501|60604|60605|60704|60705|60802|60805|60813|60814|60823|60825|60832|60835|60836|60845|60852|60855|60906|60912|60913|60915|60917|60926|61004|61005|61007|61011|61014|61017|61105|61115|61202|61302|61306|61307|61308,1,"","","",""
0,10034,5,12400002,60214|60208|60402|60505|60705|60804|60823|60834|60917|61002|61017|61217|61303|61308,1,"","","",""
0,10034,6,11000002,60111|60112|60113|60101|60102|60103|60214|60215|60203|60206|60207|60208|60301|60302|60308|60405|60503|60504|60505|60604|60701|60705|60709|60710|60803|60805|60822|60824|60827|60835|60836|60841|60844|60851|60855|60906|60912|60917|60922|60924|60926|61002|61003|61006|61011|61014|61016|61104|61105|61111|61112|61113|61201|61204|61206|61208|61216|61217|61305|61306,1,"","","",""
0,10034,7,12500003,60114|60104|60306|60412|60415|60501|60817|60826|60836|60843|60855|60915|60917|60926|61013|61015|61106|61115|61201|61211|61214|61306,1,"","","",""
0,10034,8,12600003,60114|60104|60212|60216|60204|60207|60401|60403|60504|60707|60808|60835|60844|60851|60855|60901|60903|60905|60911|61007|61011|61012|61101|61116|61203|61212|61215|61217,1,"","","",""
0,10034,9,12000004,60302|60405|60606|60705|60706|60809|60825|60845|60855|60904|60906|60912|60921|60922|60926|61007|61013|61016|61103|61117|61206|61207|61208|61304|61308,1,"","","",""
0,10034,10,12000004,60302|60405|60606|60705|60706|60809|60825|60845|60855|60904|60906|60912|60921|60922|60926|61007|61013|61016|61103|61117|61206|61207|61208|61304|61308,1,"","","",""
0,10034,11,11810006,60801|60844|60855|60915|60917|61001|61002|61006|61111|61117|61202|61304,1,"","","",""
0,10034,12,11000003,60111|60112|60113|60101|60102|60103|60214|60215|60203|60206|60207|60208|60301|60302|60308|60405|60503|60504|60505|60604|60701|60705|60709|60710|60803|60805|60822|60824|60827|60835|60836|60841|60844|60851|60855|60906|60912|60917|60922|60924|60926|61002|61003|61006|61011|61014|61016|61104|61105|61111|61112|61113|61201|61204|61206|61208|61216|61217|61305|61306,1,"","","",""
0,10035,1,12100002,60212|60305|60406|60412|60503|60706|60710|60805|60835|60851|60902|60904|60915|60924|60925|60926|61002|61006|61114|61203|61213|61217|61305,1,"","","",""
0,10035,2,11900006,60415|60606|60701|60817|60837|60854|60855|60911|60915|61014|61104|61116|61307|61308,1,"","","",""
0,10035,3,12200003,60211|60212|60205|60415|60503|60601|60802|60811|60812|60835|60837|60913|61006|61008|61103|61208|61211|61215|61302,1,"","","",""
0,10035,4,12300001,60114|60115|60104|60105|60215|60217|60218|60202|60208|60306|60307|60414|60416|60501|60604|60605|60704|60705|60802|60805|60813|60814|60823|60825|60832|60835|60836|60845|60852|60855|60906|60912|60913|60915|60917|60926|61004|61005|61007|61011|61014|61017|61105|61115|61202|61302|61306|61307|61308,1,"","","",""
0,10035,5,12400002,60214|60208|60402|60505|60705|60804|60823|60834|60917|61002|61017|61217|61303|61308,1,"","","",""
0,10035,6,11000002,60111|60112|60113|60101|60102|60103|60214|60215|60203|60206|60207|60208|60301|60302|60308|60405|60503|60504|60505|60604|60701|60705|60709|60710|60803|60805|60822|60824|60827|60835|60836|60841|60844|60851|60855|60906|60912|60917|60922|60924|60926|61002|61003|61006|61011|61014|61016|61104|61105|61111|61112|61113|61201|61204|61206|61208|61216|61217|61305|61306,1,"","","",""
0,10035,7,12500003,60114|60104|60306|60412|60415|60501|60817|60826|60836|60843|60855|60915|60917|60926|61013|61015|61106|61115|61201|61211|61214|61306,1,"","","",""
0,10035,8,12600003,60114|60104|60212|60216|60204|60207|60401|60403|60504|60707|60808|60835|60844|60851|60855|60901|60903|60905|60911|61007|61011|61012|61101|61116|61203|61212|61215|61217,1,"","","",""
0,10035,9,12000004,60302|60405|60606|60705|60706|60809|60825|60845|60855|60904|60906|60912|60921|60922|60926|61007|61013|61016|61103|61117|61206|61207|61208|61304|61308,1,"","","",""
0,10035,10,12000004,60302|60405|60606|60705|60706|60809|60825|60845|60855|60904|60906|60912|60921|60922|60926|61007|61013|61016|61103|61117|61206|61207|61208|61304|61308,1,"","","",""
0,10035,11,11810006,60801|60844|60855|60915|60917|61001|61002|61006|61111|61117|61202|61304,1,"","","",""
0,10035,12,11000003,60111|60112|60113|60101|60102|60103|60214|60215|60203|60206|60207|60208|60301|60302|60308|60405|60503|60504|60505|60604|60701|60705|60709|60710|60803|60805|60822|60824|60827|60835|60836|60841|60844|60851|60855|60906|60912|60917|60922|60924|60926|61002|61003|61006|61011|61014|61016|61104|61105|61111|61112|61113|61201|61204|61206|61208|61216|61217|61305|61306,1,"","","",""
0,10102,1,12100002,60211|60302|60402|60414|60504|60505|60806|60815|60816|60835|60842|60854|60902|61008|61017|61215|61217|61305,1,"","","",""
0,10102,2,11900006,60415|60606|60701|60817|60837|60855|60911|60915|60916|61014|61104|61116|61307|61308,1,"","","",""
0,10102,3,12200003,60115|60105|60307|60414|60708|60710|60831|60855|60915|60921|61002|61012|61101|61201|61212|61305,1,"","","",""
0,10102,4,12300001,60114|60115|60104|60105|60215|60217|60218|60202|60208|60306|60307|60414|60416|60501|60604|60605|60704|60705|60802|60805|60813|60814|60823|60825|60832|60835|60836|60845|60852|60855|60906|60912|60913|60915|60917|60926|61004|61005|61007|61011|61014|61017|61105|61115|61202|61302|61306|61307|61308,1,"","","",""
0,10102,5,12400002,60219|60304|60416|60501|60505|60823|60835|60836|60906|60925|61002|61101|61216|61308,1,"","","",""
0,10102,6,11000002,60111|60112|60101|60102|60214|60203|60206|60207|60208|60301|60302|60405|60503|60504|60604|60701|60705|60710|60822|60824|60827|60835|60841|60844|60851|60855|60906|60912|60917|60922|60924|60926|61002|61003|61014|61016|61105|61111|61113|61204|61208|61216|61217|61305,1,"","","",""
0,10102,7,12500003,60115|60105|60301|60413|60416|60603|60701|60801|60843|60855|60906|60913|60916|60922|61003|61015|61117|61208|61211|61217|61305,1,"","","",""
0,10102,8,12600003,60115|60105|60216|60202|60412|60415|60601|60603|60809|60835|60841|60853|60903|60926|61006|61012|61014|61106|61201|61203|61204|61213|61305,1,"","","",""
0,10102,9,12000004,60302|60405|60606|60705|60706|60809|60825|60845|60855|60904|60906|60912|60921|60922|60926|61007|61013|61016|61117|61206|61207|61208|61304|61308,1,"","","",""
0,10102,10,12000004,60302|60405|60606|60705|60706|60809|60825|60845|60855|60904|60906|60912|60921|60922|60926|61007|61013|61016|61117|61206|61207|61208|61304|61308,1,"","","",""
0,10102,11,11810006,60801|60844|60855|60915|60917|61001|61002|61006|61111|61117|61202|61304,1,"","","",""
0,10102,12,11000003,60111|60112|60101|60102|60213|60202|60416|60504|60708|60831|60853|60911|60916|61012|61016|61208|61308,1,"","","",""
0,10109,1,12100002,60212|60305|60406|60414|60804|60827|60836|60902|61006|61008|61106|61211|61217|61305,1,"","","",""
0,10109,2,11900006,60404|60416|60502|60802|60803|60809|60827|60836|60855|60903|60906|60913|61002|61003|61005|61008|61013|61016|61201|61205|61302|61303|61308,1,"","","",""
0,10109,3,12200003,60211|60212|60205|60415|60503|60603|60709|60835|60836|60842|60924|61013|61202|61203|61216|61305,1,"","","",""
0,10109,4,12300001,60114|60115|60104|60105|60215|60217|60218|60202|60208|60306|60307|60406|60501|60604|60605|60704|60705|60802|60805|60813|60814|60823|60832|60833|60836|60845|60852|60855|60912|60913|60915|60917|60924|60926|61004|61011|61015|61017|61105|61113|61115|61207|61208|61302|61306|61307|61308,1,"","","",""
0,10109,5,12400002,60214|60208|60402|60501|60709|60813|60814|60836|60844|61213|61308,1,"","","",""
0,10109,6,11000002,60215|60203|60401|60403|60413|60416|60503|60806|60809|60823|60827|60836|60905|60906|60915|61008|61012|61017|61208|61217|61304,1,"","","",""
0,10109,7,12500003,60114|60104|60306|60412|60415|60501|60601|60602|60806|60809|60835|60843|60852|60912|60915|60917|60921|60926|61014|61017|61103|61104|61111|61116|61201|61215|61307,1,"","","",""
0,10109,8,12600003,60114|60104|60212|60216|60204|60207|60401|60403|60501|60803|60811|60812|60823|60832|60833|60834|60835|60906|60915|61002|61003|61101|61102|61201|61208|61214|61304|61306,1,"","","",""
0,10109,9,12000004,60219|60204|60405|60505|60603|60821|60825|60836|60837|60855|60902|60906|60914|60917|61004|61005|61014|61017|61106|61112|61113|61206|61207|61211|61217|61302|61305|61307,1,"","","",""
0,10109,10,12000004,60219|60204|60405|60505|60603|60821|60825|60836|60837|60855|60902|60906|60914|60917|61004|61005|61014|61017|61106|61112|61113|61206|61207|61211|61217|61302|61305|61307,1,"","","",""
0,10109,11,11810006,60802|60842|60845|60852|60913|60917|60926|61006|61016|61301|61308,1,"","","",""
0,10109,12,11000003,60111|60112|60113|60101|60102|60103|60218|60303|60405|60411|60602|60707|60806|60807|60821|60827|60832|60854|60855|60923|60926|61005|61007|61008|61115|61203|61208|61307|61308,1,"","","",""
0,10113,1,12100002,60212|60305|60406|60412|60804|60836|60902|61008|61106|61211|61217|61305,1,"","","",""
0,10113,2,11900006,60415|60606|60701|60817|60837|60845|60855|60911|60915|61014|61104|61116|61307|61308,1,"","","",""
0,10113,3,12200003,60211|60212|60205|60415|60503|60603|60709|60835|60836|60842|60924|61013|61117|61202|61203|61216,1,"","","",""
0,10113,4,12300001,60114|60115|60104|60105|60215|60217|60218|60202|60208|60306|60307|60414|60416|60501|60604|60605|60704|60705|60802|60805|60813|60814|60823|60825|60832|60835|60836|60845|60852|60855|60906|60912|60913|60915|60917|60926|61004|61005|61007|61011|61014|61017|61105|61115|61202|61302|61306|61307|61308,1,"","","",""
0,10113,5,12400002,60214|60208|60402|60813|60814|60836|60844|61213|61308,1,"","","",""
0,10113,6,11000002,60216|60204|60404|60504|60707|60833|60902|60917|61012|61013|61103|61213,1,"","","",""
0,10113,7,12500003,60114|60104|60306|60412|60415|60501|60601|60602|60806|60809|60835|60843|60852|60912|60915|60921|60926|61014|61017|61103|61104|61111|61116|61201|61215|61307,1,"","","",""
0,10113,8,12600003,60114|60104|60212|60216|60204|60207|60401|60403|60501|60803|60811|60812|60823|60832|60833|60834|60835|60906|60915|61002|61003|61012|61102|61201|61208|61214|61304|61306,1,"","","",""
0,10113,9,12000004,60302|60405|60606|60705|60706|60809|60825|60845|60855|60904|60906|60912|60921|60922|60926|61007|61013|61016|61104|61117|61206|61207|61208|61304|61308,1,"","","",""
0,10113,10,12000004,60302|60405|60606|60705|60706|60809|60825|60845|60855|60904|60906|60912|60921|60922|60926|61007|61013|61016|61104|61117|61206|61207|61208|61304|61308,1,"","","",""
0,10113,11,11810006,60801|60844|60855|60915|60917|61001|61002|61006|61111|61117|61202|61304,1,"","","",""
0,10113,12,11000003,60303|60401|60502|60702|60113|60103|61103,1,"","","",""
0,10114,1,12100002,60308|60416|60502|60705|60809|60841|60842|60852|60926|61004|61012|61015|61201|61214|61217|61301|61303|61305|61307|61308,1,"","","",""
0,10114,2,11900006,60404|60416|60502|60802|60803|60809|60827|60836|60903|60905|60906|60913|61002|61003|61005|61008|61013|61016|61201|61205|61302|61303|61308,1,"","","",""
0,10114,3,12200003,60219|60307|60401|60404|60411|60413|60415|60604|60808|60831|60832|60837|60916|61006|61008|61016|61017|61112|61203|61208|61211|61216,1,"","","",""
0,10114,4,12300001,60114|60115|60104|60105|60215|60217|60218|60202|60208|60306|60307|60406|60501|60604|60605|60704|60705|60802|60805|60813|60814|60823|60832|60833|60836|60845|60852|60855|60912|60913|60915|60917|60924|60926|61004|61011|61015|61017|61105|61113|61115|61207|61208|61302|61306|61307|61308,1,"","","",""
0,10114,5,12400002,60211|60208|60301|60308|60401|60406|60413|60505|60605|60804|60823|60824|60855|60914|60915|60922|61004|61005|61013|61017|61208|61212|61303|61308,1,"","","",""
0,10114,6,11000002,60215|60218|60205|60304|60305|60403|60406|60413|60502|60702|60703|60708|60807|60809|60823|60827|60834|60836|60837|60855|60904|60911|60915|60917|61006|61008|61012|61117|61202|61207|61217|61307,1,"","","",""
0,10114,7,12500003,60114|60104|60216|60203|60411|60601|60703|60815|60816|60824|60834|60836|60843|60855|60905|60914|60921|61002|61013|61103|61114|61116|61208|61213,1,"","","",""
0,10114,8,12600003,60114|60104|60308|60413|60602|60802|60824|60845|60853|60855|60903|60925|61002|61004|61008|61012|61014|61101|61104|61202|61205|61216|61305|61306,1,"","","",""
0,10114,9,12000004,60219|60204|60405|60505|60603|60821|60825|60836|60837|60855|60902|60906|60914|60917|61004|61005|61014|61017|61106|61112|61113|61206|61207|61211|61212|61217|61302|61305|61307,1,"","","",""
0,10114,10,12000004,60219|60204|60405|60505|60603|60821|60825|60836|60837|60855|60902|60906|60914|60917|61004|61005|61014|61017|61106|61112|61113|61206|61207|61211|61212|61217|61302|61305|61307,1,"","","",""
0,10114,11,11810006,60802|60842|60845|60852|60913|60917|60926|61006|61016|61301|61308,1,"","","",""
0,10114,12,11000003,60113|60103|60217|60207|60411|60707|60602|60801|60806|60821|60827|60832|60834|60854|60855|60904|60923|60926|61002|61005|61007|61008|61013|61017|61206|61208|61217|61301|61308,1,"","","",""
0,10119,1,12100002,60212|60305|60406|60414|60503|60706|60710|60805|60835|60851|60902|60904|60915|60924|60925|60926|61002|61006|61114|61203|61213|61217|61305,1,"","","",""
0,10119,2,11900006,60404|60416|60502|60802|60803|60809|60827|60836|60903|60906|60913|61002|61003|61005|61008|61013|61016|61201|61205|61214|61302|61303|61308,1,"","","",""
0,10119,3,12200003,60211|60212|60205|60415|60503|60601|60802|60811|60812|60835|60837|60913|61008|61103|61115|61208|61211|61215|61302,1,"","","",""
0,10119,4,12300001,60114|60115|60104|60105|60215|60217|60218|60202|60208|60306|60307|60406|60501|60604|60605|60704|60705|60802|60805|60813|60814|60823|60832|60833|60836|60845|60852|60855|60912|60913|60915|60917|60924|60926|61004|61011|61015|61017|61105|61113|61115|61207|61208|61302|61306|61307|61308,1,"","","",""
0,10119,5,12400002,60214|60208|60402|60505|60705|60804|60823|60834|60917|61002|61017|61217|61303|61308,1,"","","",""
0,10119,6,11000002,60218|60205|60305|60401|60406|60413|60416|60502|60503|60702|60703|60708|60806|60823|60834|60854|60855|60904|60905|60906|60911|61006|61008|61017|61117|61202|61207|61217|61304|61307,1,"","","",""
0,10119,7,12500003,60114|60104|60306|60412|60415|60501|60817|60826|60836|60843|60855|60915|60917|60926|61013|61015|61106|61115|61201|61214|61306,1,"","","",""
0,10119,8,12600003,60114|60104|60212|60216|60204|60207|60401|60403|60504|60707|60808|60835|60844|60851|60855|60901|60903|60905|60911|61007|61011|61012|61101|61111|61116|61212|61215|61217,1,"","","",""
0,10119,9,12000004,60219|60204|60405|60505|60603|60821|60825|60836|60837|60855|60902|60906|60914|60917|61002|61004|61005|61014|61017|61106|61112|61113|61206|61207|61211|61217|61302|61305|61307,1,"","","",""
0,10119,10,12000004,60219|60204|60405|60505|60603|60821|60825|60836|60837|60855|60902|60906|60914|60917|61002|61004|61005|61014|61017|61106|61112|61113|61206|61207|61211|61217|61302|61305|61307,1,"","","",""
0,10119,11,11810006,60802|60842|60845|60852|60913|60917|60926|61006|61016|61301|61308,1,"","","",""
0,10119,12,11000003,60111|60113|60101|60103|60306|60411|60502|60808|61014,1,"","","",""
0,10123,1,12100002,60308|60416|60502|60705|60809|60841|60842|60852|60926|61004|61012|61015|61201|61214|61217|61301|61303|61305|61307|61308,1,"","","",""
0,10123,2,11900006,60404|60416|60502|60802|60803|60809|60827|60833|60836|60903|60906|60913|61002|61003|61005|61008|61013|61016|61201|61205|61302|61303|61308,1,"","","",""
0,10123,3,12200003,60219|60307|60401|60404|60411|60413|60415|60604|60808|60831|60832|60837|60916|61006|61008|61016|61017|61112|61202|61203|61211|61216,1,"","","",""
0,10123,4,12300001,60114|60115|60104|60105|60215|60217|60218|60202|60208|60306|60307|60406|60501|60604|60605|60704|60705|60802|60805|60813|60814|60823|60832|60833|60836|60845|60852|60855|60912|60913|60915|60917|60924|60926|61004|61011|61015|61017|61105|61113|61115|61207|61208|61302|61306|61307|61308,1,"","","",""
0,10123,5,12400002,60211|60208|60301|60308|60401|60406|60413|60505|60605|60804|60823|60824|60855|60914|60915|60922|61004|61005|61013|61017|61208|61212|61303|61308,1,"","","",""
0,10123,6,11000002,60215|60218|60205|60304|60305|60403|60406|60413|60502|60702|60703|60708|60807|60809|60823|60827|60834|60836|60837|60855|60904|60911|60915|60917|61006|61008|61012|61117|61202|61207|61217|61307,1,"","","",""
0,10123,7,12500003,60114|60104|60216|60203|60411|60601|60703|60815|60816|60824|60836|60843|60855|60905|60906|60914|60921|61002|61013|61103|61114|61116|61208|61213,1,"","","",""
0,10123,8,12600003,60114|60104|60308|60413|60602|60802|60824|60845|60853|60855|60903|60925|61004|61008|61012|61013|61014|61101|61104|61202|61205|61216|61305|61306,1,"","","",""
0,10123,9,12000004,60219|60204|60405|60505|60603|60821|60825|60836|60837|60855|60902|60906|60914|60917|61004|61005|61014|61017|61106|61112|61113|61206|61207|61211|61213|61217|61302|61305|61307,1,"","","",""
0,10123,10,12000004,60219|60204|60405|60505|60603|60821|60825|60836|60837|60855|60902|60906|60914|60917|61004|61005|61014|61017|61106|61112|61113|61206|61207|61211|61213|61217|61302|61305|61307,1,"","","",""
0,10123,11,11810006,60802|60842|60845|60852|60913|60917|60926|61006|61016|61301|61308,1,"","","",""
0,10123,12,11000003,60113|60103|60217|60207|60411|60602|60707|60801|60806|60821|60827|60832|60834|60854|60855|60904|60923|60926|61002|61005|61007|61008|61013|61017|61206|61208|61217|61301|61308,1,"","","",""
0,10126,1,12100002,60308|60416|60502|60705|60809|60841|60842|60852|60926|61004|61012|61015|61201|61214|61217|61301|61303|61305|61307|61308,1,"","","",""
0,10126,2,11900006,60404|60416|60502|60802|60803|60809|60827|60836|60903|60906|60913|60926|61002|61003|61005|61008|61013|61016|61201|61205|61302|61303|61308,1,"","","",""
0,10126,3,12200003,60219|60307|60401|60404|60411|60413|60415|60604|60808|60831|60832|60837|60916|61006|61008|61016|61017|61112|61203|61211|61216|61303,1,"","","",""
0,10126,4,12300001,60114|60115|60104|60105|60215|60217|60218|60202|60208|60306|60307|60406|60501|60604|60605|60704|60705|60802|60805|60813|60814|60823|60832|60833|60836|60845|60852|60855|60912|60913|60915|60917|60924|60926|61004|61011|61015|61017|61105|61113|61115|61207|61208|61302|61306|61307|61308,1,"","","",""
0,10126,5,12400002,60211|60208|60301|60308|60401|60406|60413|60505|60605|60804|60823|60824|60855|60914|60915|60922|61004|61005|61013|61017|61208|61212|61303|61308,1,"","","",""
0,10126,6,11000002,60215|60218|60205|60305|60401|60403|60406|60413|60416|60502|60503|60702|60703|60708|60806|60809|60823|60827|60834|60836|60855|60904|60905|60906|60911|60915|61006|61008|61012|61017|61117|61202|61217|61304|61307,1,"","","",""
0,10126,7,12500003,60114|60104|60216|60203|60411|60601|60703|60815|60816|60824|60836|60843|60855|60905|60914|60921|61002|61013|61103|61114|61116|61208|61213,1,"","","",""
0,10126,8,12600003,60114|60104|60308|60413|60602|60802|60824|60845|60853|60855|60903|60925|61004|61008|61012|61014|61101|61104|61202|61205|61216|61305|61306,1,"","","",""
0,10126,9,12000004,60219|60204|60405|60505|60603|60821|60825|60836|60837|60855|60902|60906|60914|60917|61004|61005|61007|61014|61017|61106|61112|61113|61206|61207|61211|61217|61302|61305|61307,1,"","","",""
0,10126,10,12000004,60219|60204|60405|60505|60603|60821|60825|60836|60837|60855|60902|60906|60914|60917|61004|61005|61007|61014|61017|61106|61112|61113|61206|61207|61211|61217|61302|61305|61307,1,"","","",""
0,10126,11,11810006,60802|60842|60845|60852|60913|60917|60926|61006|61016|61301|61308,1,"","","",""
0,10126,12,11000003,60113|60103|60217|60207|60411|60602|60707|60801|60806|60821|60827|60832|60834|60854|60855|60904|60923|60926|61002|61005|61007|61008|61013|61017|61206|61208|61217|61301|61308,1,"","","",""
0,10128,1,12100002,60211|60302|60402|60414|60504|60505|60806|60815|60816|60835|60842|60854|60902|61008|61017|61215|61217|61305,1,"","","",""
0,10128,2,11900006,60415|60606|60701|60817|60837|60855|60911|60915|60917|61014|61104|61116|61307|61308,1,"","","",""
0,10128,3,12200003,60115|60105|60307|60414|60708|60710|60831|60855|60915|60921|61002|61012|61101|61201|61212|61306,1,"","","",""
0,10128,4,12300001,60114|60115|60104|60105|60215|60217|60218|60202|60208|60306|60307|60414|60416|60501|60604|60605|60704|60705|60802|60805|60813|60814|60823|60825|60832|60835|60836|60845|60852|60855|60906|60912|60913|60915|60917|60926|61004|61005|61007|61011|61014|61017|61105|61115|61202|61302|61306|61307|61308,1,"","","",""
0,10128,5,12400002,60219|60304|60416|60501|60505|60823|60835|60836|60906|60925|61002|61101|61216|61308,1,"","","",""
0,10128,6,11000002,60111|60112|60101|60102|60214|60203|60206|60207|60208|60301|60302|60405|60503|60504|60604|60701|60705|60710|60822|60824|60827|60835|60841|60844|60851|60855|60906|60912|60917|60922|60924|60926|61002|61003|61014|61016|61105|61111|61113|61204|61208|61216|61217|61305,1,"","","",""
0,10128,7,12500003,60115|60105|60301|60413|60416|60603|60701|60801|60843|60906|60913|60916|60922|61003|61015|61117|61208|61211|61215|61217|61305,1,"","","",""
0,10128,8,12600003,60115|60105|60216|60202|60412|60415|60601|60603|60809|60835|60841|60853|60903|60926|61006|61008|61012|61014|61106|61203|61204|61213|61305,1,"","","",""
0,10128,9,12000004,60302|60405|60606|60705|60706|60809|60825|60845|60855|60904|60906|60912|60921|60922|60926|61003|61007|61013|61016|61117|61206|61207|61208|61304|61308,1,"","","",""
0,10128,10,12000004,60302|60405|60606|60705|60706|60809|60825|60845|60855|60904|60906|60912|60921|60922|60926|61003|61007|61013|61016|61117|61206|61207|61208|61304|61308,1,"","","",""
0,10128,11,11810006,60801|60844|60855|60915|60917|61001|61002|61006|61111|61117|61202|61304,1,"","","",""
0,10128,12,11000003,60111|60112|60101|60102|60213|60202|60416|60504|60708|60831|60853|60911|60916|61012|61016|61208|61308,1,"","","",""
0,10133,1,12100002,60212|60305|60406|60412|60503|60706|60710|60805|60835|60851|60902|60904|60915|60924|60925|60926|61002|61006|61114|61203|61213|61217|61305,1,"","","",""
0,10133,2,11900006,60415|60606|60701|60817|60837|60854|60855|60911|60915|61014|61104|61116|61307|61308,1,"","","",""
0,10133,3,12200003,60211|60212|60205|60415|60503|60601|60802|60811|60812|60835|60837|60913|61006|61008|61103|61208|61211|61215|61302,1,"","","",""
0,10133,4,12300001,60114|60115|60104|60105|60215|60217|60218|60202|60208|60306|60307|60414|60416|60501|60604|60605|60704|60705|60802|60805|60813|60814|60823|60825|60832|60835|60836|60845|60852|60855|60906|60912|60913|60915|60917|60926|61004|61005|61007|61011|61014|61017|61105|61115|61202|61302|61306|61307|61308,1,"","","",""
0,10133,5,12400002,60214|60208|60402|60505|60705|60804|60823|60834|60917|61002|61017|61217|61303|61308,1,"","","",""
0,10133,6,11000002,60111|60112|60113|60101|60102|60103|60214|60215|60203|60206|60207|60208|60301|60302|60308|60405|60503|60504|60505|60604|60701|60705|60709|60710|60803|60805|60822|60824|60827|60835|60836|60841|60844|60851|60855|60906|60912|60917|60922|60924|60926|61002|61003|61006|61011|61014|61016|61104|61105|61111|61112|61113|61201|61204|61206|61208|61216|61217|61305|61306,1,"","","",""
0,10133,7,12500003,60114|60104|60306|60412|60415|60501|60817|60826|60836|60843|60855|60915|60917|60926|61013|61015|61106|61115|61201|61211|61214|61306,1,"","","",""
0,10133,8,12600003,60114|60104|60212|60216|60204|60207|60401|60403|60504|60707|60808|60835|60844|60851|60855|60901|60903|60905|60911|61007|61011|61012|61101|61116|61203|61212|61215|61217,1,"","","",""
0,10133,9,12000004,60302|60405|60606|60705|60706|60809|60825|60845|60855|60904|60906|60912|60921|60922|60926|61007|61013|61016|61103|61117|61206|61207|61208|61304|61308,1,"","","",""
0,10133,10,12000004,60302|60405|60606|60705|60706|60809|60825|60845|60855|60904|60906|60912|60921|60922|60926|61007|61013|61016|61103|61117|61206|61207|61208|61304|61308,1,"","","",""
0,10133,11,11810006,60801|60844|60855|60915|60917|61001|61002|61006|61111|61117|61202|61304,1,"","","",""
0,10133,12,11000003,60111|60112|60113|60101|60102|60103|60214|60215|60203|60206|60207|60208|60301|60302|60308|60405|60503|60504|60505|60604|60701|60705|60709|60710|60803|60805|60822|60824|60827|60835|60836|60841|60844|60851|60855|60906|60912|60917|60922|60924|60926|61002|61003|61006|61011|61014|61016|61104|61105|61111|61112|61113|61201|61204|61206|61208|61216|61217|61305|61306,1,"","","",""
22000010,0,0,0,"",0,6,"","",""
22000000,0,0,0,"",0,6,"","",""
22000001,0,0,0,"",0,6,"","",""
22000002,0,0,0,"",0,6,"","",""

