id,hero_id,name,display_name,icon,hair,level,equip_level,star,color,skill_level,common,equips_0.id,equips_0.gem0,equips_0.gem1,equips_0.gem2,equips_1.id,equips_1.gem0,equips_1.gem1,equips_1.gem2,equips_2.id,equips_2.gem0,equips_2.gem1,equips_2.gem2,equips_3.id,equips_3.gem0,equips_3.gem1,equips_3.gem2,equips_4.id,equips_4.gem0,equips_4.gem1,equips_4.gem2,equips_5.id,equips_5.gem0,equips_5.gem1,equips_5.gem2,equips_6.id,equips_6.gem0,equips_6.gem1,equips_6.gem2,equips_7.id,equips_7.gem0,equips_7.gem1,equips_7.gem2,equips_8.id,equips_8.gem0,equips_8.gem1,equips_8.gem2,equips_9.id,equips_9.gem0,equips_9.gem1,equips_9.gem2,equips_10.id,equips_10.gem0,equips_10.gem1,equips_10.gem2,equips_11.id,equips_11.gem0,equips_11.gem1,equips_11.gem2
序号,英雄ID,英雄名,显示名称,头像,发型,等级,装备等级,星级,品阶,技能等级,备注,主手,宝石1,宝石2,宝石3,副手,宝石1,宝石2,宝石3,头部,宝石1,宝石2,宝石3,肩部,宝石1,宝石2,宝石3,胸部,宝石1,宝石2,宝石3,腕部,宝石1,宝石2,宝石3,脚部,宝石1,宝石2,宝石3,背部,宝石1,宝石2,宝石3,项链,宝石1,宝石2,宝石3,饰品,宝石1,宝石2,宝石3,戒指1,宝石1,宝石2,宝石3,戒指2,宝石1,宝石2,宝石3
int,int,string,string,string,int,int,int,int,int,int,string,int,int,int,int,int,int,int,int,int,int,int,int,int,int,int,int,int,int,int,int,int,int,int,int,int,int,int,int,int,int,int,int,int,int,int,int,int,int,int,int,int,int,int,int,int,int,int,int
1,10001,美屡,"","",0,30,0,2,4,30,25,10510013,30102002,-1,-1,11210011,30102002,-1,-1,12110009,30105002,-1,-1,12210044,30108002,-1,-1,12410133,30104002,-1,-1,12510081,30101002,-1,-1,12610093,30109002,-1,-1,12310097,30101002,-1,-1,11910006,30107002,-1,-1,-1,-1,-1,-1,12010043,30102002,-1,-1,12010043,30102002,-1,-1
2,10001,美屡,"","",0,50,0,3,6,50,50,10520012,30102003,30102003,-1,11220001,30102003,30102003,-1,12120055,30105003,30105003,-1,12220028,30108003,30108003,-1,12420069,30104003,30104003,-1,12520038,30101003,30101003,-1,12620033,30109003,30109003,-1,12320027,30101003,30101003,-1,11920029,30107003,30107003,-1,11820021,30106003,30106003,-1,12020058,30102003,30102003,-1,12020058,30102003,30102003,-1
3,10001,美屡,"","",0,60,0,4,7,60,T0-55-60,10520019,30102004,30102004,-1,11220003,30102004,30102004,-1,12120090,30105004,30105004,-1,12220059,30108004,30108004,-1,12420117,30104004,30104004,-1,12520056,30101004,30101004,-1,12620068,30109004,30109004,-1,12320057,30101004,30101004,-1,11920045,30107004,30107004,-1,11820021,30106004,30106004,-1,12020056,30102004,30102004,-1,12020056,30102004,30102004,-1
4,10001,美屡,"","",0,60,0,5,7,60,T2-75,10530006,30102005,30102005,30102005,11230001,30102005,30102005,30102005,12130067,30105005,30105005,30105005,12230075,30108005,30108005,30108005,12430091,30104005,30104005,30104005,12530082,30101005,30101005,30101005,12630064,30109005,30109005,30109005,12330082,30101005,30101005,30101005,11930086,30107005,30107005,30107005,11830046,30106005,30106005,30106005,12030086,30102005,30102005,30102005,12030086,30102005,30102005,30102005
11,10002,哀木涕,"","",0,30,0,2,4,30,25,11010042,30102002,-1,-1,11410067,30102002,-1,-1,12110013,30105002,-1,-1,12210042,30108002,-1,-1,12410136,30104002,-1,-1,12510079,30101002,-1,-1,12610100,30109002,-1,-1,12310097,30101002,-1,-1,11920002,30106002,-1,-1,-1,-1,-1,-1,12010039,30101002,-1,-1,12010039,30101002,-1,-1
12,10002,哀木涕,"","",0,50,0,3,6,50,50,11020043,30102003,30102003,-1,11420021,30102003,30102003,-1,12120054,30105003,30105003,-1,12220043,30108003,30108003,-1,12420074,30104003,30104003,-1,12520047,30101003,30101003,-1,12620035,30109003,30109003,-1,12320025,30101003,30101003,-1,11920028,30107003,30107003,-1,11820015,30106003,30106003,-1,12020043,30101003,30101003,-1,12020043,30101003,30101003,-1
13,10002,哀木涕,"","",0,60,0,4,7,60,T0-55-60,11030007,30102004,30102004,-1,11430006,30102004,30102004,-1,12120086,30105004,30105004,-1,12220092,30108004,30108004,-1,12420110,30104004,30104004,-1,12520046,30101004,30101004,-1,12620061,30109004,30109004,-1,12320051,30101004,30101004,-1,11920039,30107004,30107004,-1,11820015,30106004,30106004,-1,12020052,30101004,30101004,-1,12020052,30101004,30101004,-1
14,10002,哀木涕,"","",0,60,0,5,7,60,T2-75,11030024,30102005,30102005,30102005,11430015,30102005,30102005,30102005,12130064,30105005,30105005,30105005,12230072,30108005,30108005,30108005,12430088,30104005,30104005,30104005,12530078,30101005,30101005,30101005,12630061,30109005,30109005,30109005,12330077,30101005,30101005,30101005,11930083,30107005,30107005,30107005,11830036,30106005,30106005,30106005,12030083,30101005,30101005,30101005,12030083,30101005,30101005,30101005
21,10003,兽战,"","",0,30,0,2,4,30,25,10710028,30102002,-1,-1,10710028,30102002,-1,-1,12110013,30105002,-1,-1,12210042,30108002,-1,-1,12410136,30104002,-1,-1,12510079,30101002,-1,-1,12610100,30109002,-1,-1,12310097,30101002,-1,-1,11920003,30107002,-1,-1,-1,-1,-1,-1,12010039,30102002,-1,-1,12010039,30102002,-1,-1
22,10003,兽战,"","",0,50,0,3,6,50,50,10720028,30102003,30102003,-1,10720028,30102003,30102003,-1,12120054,30105003,30105003,-1,12220043,30108003,30108003,-1,12420074,30104003,30104003,-1,12520047,30101003,30101003,-1,12620045,30109003,30109003,-1,12320025,30101003,30101003,-1,11920041,30107003,30107003,-1,11820018,30106003,30106003,-1,12020054,30102003,30102003,-1,12020054,30102003,30102003,-1
23,10003,兽战,"","",0,60,0,4,7,60,T0-55-60,10720037,30102004,30102004,-1,10720037,30102004,30102004,-1,12120088,30105004,30105004,-1,12220093,30108004,30108004,-1,12420113,30104004,30104004,-1,12520049,30101004,30101004,-1,12620063,30109004,30109004,-1,12320054,30101004,30101004,-1,11920040,30107004,30107004,-1,11820053,30106004,30106004,-1,12020054,30102004,30102004,-1,12020054,30102004,30102004,-1
24,10003,兽战,"","",0,60,0,5,7,60,T2-75,10730007,30102005,30102005,30102005,10730007,30102005,30102005,30102005,12130065,30105005,30105005,30105005,12230073,30108005,30108005,30108005,12430089,30104005,30104005,30104005,12530080,30101005,30101005,30101005,12630062,30109005,30109005,30109005,12330079,30101005,30101005,30101005,11930084,30107005,30107005,30107005,11830045,30106005,30106005,30106005,12030084,30102005,30102005,30102005,12030084,30102005,30102005,30102005
31,10004,会长,"","",0,30,0,2,4,30,25,10110029,30102002,-1,-1,11610007,30102002,-1,-1,12110013,30105002,-1,-1,12210042,30108002,-1,-1,12410136,30104002,-1,-1,12510079,30101002,-1,-1,12610100,30109002,-1,-1,12310097,30101002,-1,-1,11920003,30107002,-1,-1,-1,-1,-1,-1,12010039,30102002,-1,-1,12010039,30102002,-1,-1
32,10004,会长,"","",0,50,0,3,6,50,50,10120024,30102003,30102003,-1,11620001,30102003,30102003,-1,12120054,30105003,30105003,-1,12220043,30108003,30108003,-1,12420074,30104003,30104003,-1,12520047,30101003,30101003,-1,12620045,30109003,30109003,-1,12320025,30101003,30101003,-1,11920041,30107003,30107003,-1,11820018,30106003,30106003,-1,12020054,30102003,30102003,-1,12020054,30102003,30102003,-1
33,10004,会长,"","",0,60,0,4,7,60,T0-55-60,10120035,30102004,30102004,-1,11620001,30102004,30102004,-1,12120088,30105004,30105004,-1,12220093,30108004,30108004,-1,12420113,30104004,30104004,-1,12520049,30101004,30101004,-1,12620063,30109004,30109004,-1,12320054,30101004,30101004,-1,11920040,30107004,30107004,-1,11820053,30106004,30106004,-1,12020054,30102004,30102004,-1,12020054,30102004,30102004,-1
34,10004,会长,"","",0,60,0,5,7,60,T2-75,10130011,30102005,30102005,30102005,11630001,30102005,30102005,30102005,12130065,30105005,30105005,30105005,12230073,30108005,30108005,30108005,12430089,30104005,30104005,30104005,12530080,30101005,30101005,30101005,12630062,30109005,30109005,30109005,12330079,30101005,30101005,30101005,11930084,30107005,30107005,30107005,11830045,30106005,30106005,30106005,12030084,30102005,30102005,30102005,12030084,30102005,30102005,30102005
41,10005,暗夜男,"","",0,30,0,2,4,30,25,10210030,30102002,-1,-1,11610007,30102002,-1,-1,12110013,30105002,-1,-1,12210042,30108002,-1,-1,12410136,30104002,-1,-1,12510079,30101002,-1,-1,12610100,30109002,-1,-1,12310097,30101002,-1,-1,11920003,30107002,-1,-1,-1,-1,-1,-1,12010039,30102002,-1,-1,12010039,30102002,-1,-1
42,10005,暗夜男,"","",0,50,0,3,6,50,50,10220034,30102003,30102003,-1,11620001,30102003,30102003,-1,12120054,30105003,30105003,-1,12220043,30108003,30108003,-1,12420074,30104003,30104003,-1,12520047,30101003,30101003,-1,12620045,30109003,30109003,-1,12320025,30101003,30101003,-1,11920041,30107003,30107003,-1,11820018,30106003,30106003,-1,12020054,30102003,30102003,-1,12020054,30102003,30102003,-1
43,10005,暗夜男,"","",0,60,0,4,7,60,T0-55-60,10220058,30102004,30102004,-1,11620001,30102004,30102004,-1,12120088,30105004,30105004,-1,12220093,30108004,30108004,-1,12420113,30104004,30104004,-1,12520049,30101004,30101004,-1,12620063,30109004,30109004,-1,12320054,30101004,30101004,-1,11920040,30107004,30107004,-1,11820053,30106004,30106004,-1,12020054,30102004,30102004,-1,12020054,30102004,30102004,-1
44,10005,暗夜男,"","",0,60,0,5,7,60,T2-75,10230008,30102005,30102005,30102005,11630001,30102005,30102005,30102005,12130065,30105005,30105005,30105005,12230073,30108005,30108005,30108005,12430089,30104005,30104005,30104005,12530080,30101005,30101005,30101005,12630062,30109005,30109005,30109005,12330079,30101005,30101005,30101005,11930084,30107005,30107005,30107005,11830045,30106005,30106005,30106005,12030084,30102005,30102005,30102005,12030084,30102005,30102005,30102005
51,10006,沉鱼,"","",0,30,0,2,4,30,25,10310023,30102002,-1,-1,11610007,30102002,-1,-1,12110013,30105002,-1,-1,12210042,30108002,-1,-1,12410136,30104002,-1,-1,12510079,30101002,-1,-1,12610100,30109002,-1,-1,12310097,30101002,-1,-1,11920003,30107002,-1,-1,-1,-1,-1,-1,12010039,30102002,-1,-1,12010039,30102002,-1,-1
52,10006,沉鱼,"","",0,50,0,3,6,50,50,10320023,30102003,30102003,-1,11620001,30102003,30102003,-1,12120054,30105003,30105003,-1,12220043,30108003,30108003,-1,12420074,30104003,30104003,-1,12520047,30101003,30101003,-1,12620045,30109003,30109003,-1,12320025,30101003,30101003,-1,11920041,30107003,30107003,-1,11820018,30106003,30106003,-1,12020054,30102003,30102003,-1,12020054,30102003,30102003,-1
53,10006,沉鱼,"","",0,60,0,4,7,60,T0-55-60,10320032,30102004,30102004,-1,11620001,30102004,30102004,-1,12120088,30105004,30105004,-1,12220093,30108004,30108004,-1,12420113,30104004,30104004,-1,12520049,30101004,30101004,-1,12620063,30109004,30109004,-1,12320054,30101004,30101004,-1,11920040,30107004,30107004,-1,11820053,30106004,30106004,-1,12020054,30102004,30102004,-1,12020054,30102004,30102004,-1
54,10006,沉鱼,"","",0,60,0,5,7,60,T2-75,10330013,30102005,30102005,30102005,11630001,30102005,30102005,30102005,12130065,30105005,30105005,30105005,12230073,30108005,30108005,30108005,12430089,30104005,30104005,30104005,12530080,30101005,30101005,30101005,12630062,30109005,30109005,30109005,12330079,30101005,30101005,30101005,11930084,30107005,30107005,30107005,11830045,30106005,30106005,30106005,12030084,30102005,30102005,30102005,12030084,30102005,30102005,30102005
61,10007,桶牛,"","",0,30,0,2,4,30,25,10210030,30102002,-1,-1,11610007,30102002,-1,-1,12110013,30105002,-1,-1,12210042,30108002,-1,-1,12410136,30104002,-1,-1,12510079,30101002,-1,-1,12610100,30109002,-1,-1,12310097,30101002,-1,-1,11920003,30107002,-1,-1,-1,-1,-1,-1,12010039,30102002,-1,-1,12010039,30102002,-1,-1
62,10007,桶牛,"","",0,50,0,3,6,50,50,10220034,30102003,30102003,-1,11620001,30102003,30102003,-1,12120054,30105003,30105003,-1,12220043,30108003,30108003,-1,12420074,30104003,30104003,-1,12520047,30101003,30101003,-1,12620045,30109003,30109003,-1,12320025,30101003,30101003,-1,11920041,30107003,30107003,-1,11820018,30106003,30106003,-1,12020054,30102003,30102003,-1,12020054,30102003,30102003,-1
63,10007,桶牛,"","",0,60,0,4,7,60,T0-55-60,10220058,30102004,30102004,-1,11620001,30102004,30102004,-1,12120088,30105004,30105004,-1,12220093,30108004,30108004,-1,12420113,30104004,30104004,-1,12520049,30101004,30101004,-1,12620063,30109004,30109004,-1,12320054,30101004,30101004,-1,11920040,30107004,30107004,-1,11820053,30106004,30106004,-1,12020054,30102004,30102004,-1,12020054,30102004,30102004,-1
64,10007,桶牛,"","",0,60,0,5,7,60,T2-75,10230008,30102005,30102005,30102005,11630001,30102005,30102005,30102005,12130065,30105005,30105005,30105005,12230073,30108005,30108005,30108005,12430089,30104005,30104005,30104005,12530080,30101005,30101005,30101005,12630062,30109005,30109005,30109005,12330079,30101005,30101005,30101005,11930084,30107005,30107005,30107005,11830045,30106005,30106005,30106005,12030084,30102005,30102005,30102005,12030084,30102005,30102005,30102005
71,10008,地中海,"","",0,30,0,2,4,30,25,11010042,30102002,-1,-1,11410067,30102002,-1,-1,12110013,30105002,-1,-1,12210042,30108002,-1,-1,12410136,30104002,-1,-1,12510079,30101002,-1,-1,12610100,30109002,-1,-1,12310097,30101002,-1,-1,11920002,30106002,-1,-1,-1,-1,-1,-1,12010039,30101002,-1,-1,12010039,30101002,-1,-1
72,10008,地中海,"","",0,50,0,3,6,50,50,11020043,30102003,30102003,-1,11420021,30102003,30102003,-1,12120054,30105003,30105003,-1,12220043,30108003,30108003,-1,12420074,30104003,30104003,-1,12520047,30101003,30101003,-1,12620035,30109003,30109003,-1,12320025,30101003,30101003,-1,11920028,30107003,30107003,-1,11820015,30106003,30106003,-1,12020043,30101003,30101003,-1,12020043,30101003,30101003,-1
73,10008,地中海,"","",0,60,0,4,7,60,T0-55-60,11030007,30102004,30102004,-1,11430006,30102004,30102004,-1,12120086,30105004,30105004,-1,12220092,30108004,30108004,-1,12420110,30104004,30104004,-1,12520046,30101004,30101004,-1,12620061,30109004,30109004,-1,12320051,30101004,30101004,-1,11920039,30107004,30107004,-1,11820015,30106004,30106004,-1,12020052,30101004,30101004,-1,12020052,30101004,30101004,-1
74,10008,地中海,"","",0,60,0,5,7,60,T2-75,11030024,30102005,30102005,30102005,11430015,30102005,30102005,30102005,12130064,30105005,30105005,30105005,12230072,30108005,30108005,30108005,12430088,30104005,30104005,30104005,12530078,30101005,30101005,30101005,12630061,30109005,30109005,30109005,12330077,30101005,30101005,30101005,11930083,30107005,30107005,30107005,11830036,30106005,30106005,30106005,12030083,30101005,30101005,30101005,12030083,30101005,30101005,30101005
81,10009,傻馒,"","",0,30,0,2,4,30,25,10810050,30103002,-1,-1,11410066,30103002,-1,-1,12110009,30105002,-1,-1,12210044,30108002,-1,-1,12410133,30104002,-1,-1,12510081,30101002,-1,-1,12610093,30109002,-1,-1,12310097,30101002,-1,-1,11910002,30107002,-1,-1,-1,-1,-1,-1,12010040,30103002,-1,-1,12010040,30103002,-1,-1
82,10009,傻馒,"","",0,50,0,3,6,50,50,10820034,30103003,30103003,-1,11420022,30103003,30103003,-1,12120043,30105003,30105003,-1,12220033,30108003,30108003,-1,12420090,30104003,30104003,-1,12520038,30101003,30101003,-1,12620041,30109003,30109003,-1,12320034,30101003,30101003,-1,11920027,30107003,30107003,-1,11820019,30106003,30106003,-1,12020042,30103003,30103003,-1,12020042,30103003,30103003,-1
83,10009,傻馒,"","",0,60,0,4,7,60,T0-55-60,10820048,30103004,30103004,-1,11420030,30103004,30103004,-1,12120082,30105004,30105004,-1,12220048,30108004,30108004,-1,12420105,30104004,30104004,-1,12520041,30101004,30101004,-1,12620057,30109004,30109004,-1,12320049,30101004,30101004,-1,11920033,30107004,30107004,-1,11820054,30106004,30106004,-1,12020047,30103004,30103004,-1,12020047,30103004,30103004,-1
84,10009,傻馒,"","",0,60,0,5,7,60,T2-75,10830019,30103005,30103005,30103005,11430012,30103005,30103005,30103005,12130061,30105005,30105005,30105005,12230069,30108005,30108005,30108005,12430083,30104005,30104005,30104005,12530075,30101005,30101005,30101005,12630058,30109005,30109005,30109005,12330074,30101005,30101005,30101005,11930081,30107005,30107005,30107005,11830035,30106005,30106005,30106005,12030080,30103005,30103005,30103005,12030080,30103005,30103005,30103005
91,10010,炮姐,"","",0,30,0,2,4,30,25,10810045,30102002,-1,-1,10810040,30102002,-1,-1,12110009,30105002,-1,-1,12210044,30108002,-1,-1,12410133,30104002,-1,-1,12510081,30101002,-1,-1,12610093,30109002,-1,-1,12310097,30101002,-1,-1,11910006,30107002,-1,-1,-1,-1,-1,-1,12010043,30102002,-1,-1,12010043,30102002,-1,-1
92,10010,炮姐,"","",0,50,0,3,6,50,50,10820032,30102003,30102003,-1,10820032,30102003,30102003,-1,12120055,30105003,30105003,-1,12220028,30108003,30108003,-1,12420069,30104003,30104003,-1,12520038,30101003,30101003,-1,12620033,30109003,30109003,-1,12320027,30101003,30101003,-1,11920029,30107003,30107003,-1,11820021,30106003,30106003,-1,12020058,30102003,30102003,-1,12020058,30102003,30102003,-1
93,10010,炮姐,"","",0,60,0,4,7,60,T0-55-60,10820032,30102004,30102004,-1,10820032,30102004,30102004,-1,12120092,30105004,30105004,-1,12220056,30108004,30108004,-1,12420119,30104004,30104004,-1,12520052,30101004,30101004,-1,12620065,30109004,30109004,-1,12320059,30101004,30101004,-1,11920043,30107004,30107004,-1,11820021,30106004,30106004,-1,12020059,30102004,30102004,-1,12020059,30102004,30102004,-1
94,10010,炮姐,"","",0,60,0,5,7,60,T2-75,10830016,30102005,30102005,30102005,10830016,30102005,30102005,30102005,12130070,30105005,30105005,30105005,12230077,30108005,30108005,30108005,12430093,30104005,30104005,30104005,12530084,30101005,30101005,30101005,12630066,30109005,30109005,30109005,12330081,30101005,30101005,30101005,11930089,30107005,30107005,30107005,11830046,30106005,30106005,30106005,12030088,30102005,30102005,30102005,12030088,30102005,30102005,30102005
101,10012,冬,"","",0,30,0,2,4,30,25,10410018,30102002,-1,-1,11110009,30102002,-1,-1,12110009,30105002,-1,-1,12210044,30108002,-1,-1,12410133,30104002,-1,-1,12510081,30101002,-1,-1,12610093,30109002,-1,-1,12310097,30101002,-1,-1,11910006,30107002,-1,-1,-1,-1,-1,-1,12010043,30102002,-1,-1,12010043,30102002,-1,-1
102,10012,冬,"","",0,50,0,3,6,50,50,10420016,30102003,30102003,-1,11120001,30102003,30102003,-1,12120055,30105003,30105003,-1,12220028,30108003,30108003,-1,12420069,30104003,30104003,-1,12520038,30101003,30101003,-1,12620033,30109003,30109003,-1,12320027,30101003,30101003,-1,11920029,30107003,30107003,-1,11820021,30106003,30106003,-1,12020058,30102003,30102003,-1,12020058,30102003,30102003,-1
103,10012,冬,"","",0,60,0,4,7,60,T0-55-60,10420028,30102004,30102004,-1,11120002,30102004,30102004,-1,12120090,30105004,30105004,-1,12220059,30108004,30108004,-1,12420117,30104004,30104004,-1,12520056,30101004,30101004,-1,12620068,30109004,30109004,-1,12320057,30101004,30101004,-1,11920045,30107004,30107004,-1,11820021,30106004,30106004,-1,12020056,30102004,30102004,-1,12020056,30102004,30102004,-1
104,10012,冬,"","",0,60,0,5,7,60,T2-75,10430009,30102005,30102005,30102005,11130001,30102005,30102005,30102005,12130067,30105005,30105005,30105005,12230075,30108005,30108005,30108005,12430091,30104005,30104005,30104005,12530082,30101005,30101005,30101005,12630064,30109005,30109005,30109005,12330082,30101005,30101005,30101005,11930086,30107005,30107005,30107005,11830046,30106005,30106005,30106005,12030086,30102005,30102005,30102005,12030086,30102005,30102005,30102005
111,10013,劣人,"","",0,30,0,2,4,30,25,10410018,30102002,-1,-1,11110009,30102002,-1,-1,12110009,30105002,-1,-1,12210044,30108002,-1,-1,12410133,30104002,-1,-1,12510081,30101002,-1,-1,12610093,30109002,-1,-1,12310097,30101002,-1,-1,11910006,30107002,-1,-1,-1,-1,-1,-1,12010043,30102002,-1,-1,12010043,30102002,-1,-1
112,10013,劣人,"","",0,50,0,3,6,50,50,10420016,30102003,30102003,-1,11120001,30102003,30102003,-1,12120055,30105003,30105003,-1,12220028,30108003,30108003,-1,12420069,30104003,30104003,-1,12520038,30101003,30101003,-1,12620033,30109003,30109003,-1,12320027,30101003,30101003,-1,11920029,30107003,30107003,-1,11820021,30106003,30106003,-1,12020058,30102003,30102003,-1,12020058,30102003,30102003,-1
113,10013,劣人,"","",0,60,0,4,7,60,T0-55-60,10420028,30102004,30102004,-1,11120002,30102004,30102004,-1,12120090,30105004,30105004,-1,12220059,30108004,30108004,-1,12420117,30104004,30104004,-1,12520056,30101004,30101004,-1,12620068,30109004,30109004,-1,12320057,30101004,30101004,-1,11920045,30107004,30107004,-1,11820021,30106004,30106004,-1,12020056,30102004,30102004,-1,12020056,30102004,30102004,-1
114,10013,劣人,"","",0,60,0,5,7,60,T2-75,10430009,30102005,30102005,30102005,11130001,30102005,30102005,30102005,12130067,30105005,30105005,30105005,12230075,30108005,30108005,30108005,12430091,30104005,30104005,30104005,12530082,30101005,30101005,30101005,12630064,30109005,30109005,30109005,12330082,30101005,30101005,30101005,11930086,30107005,30107005,30107005,11830046,30106005,30106005,30106005,12030086,30102005,30102005,30102005,12030086,30102005,30102005,30102005
121,10014,方砖,"","",0,30,0,2,4,30,25,10610035,30103002,-1,-1,11710023,30103002,-1,-1,12110007,30105002,-1,-1,12210039,30108002,-1,-1,12410134,30104002,-1,-1,12510090,30101002,-1,-1,12610097,30109002,-1,-1,12310097,30101002,-1,-1,11910002,30107002,-1,-1,-1,-1,-1,-1,12010040,30103002,-1,-1,12010040,30103002,-1,-1
122,10014,方砖,"","",0,50,0,3,6,50,50,10620033,30103003,30103003,-1,11720025,30103003,30103003,-1,12120053,30105003,30105003,-1,12220035,30108003,30108003,-1,12420065,30104003,30104003,-1,12520037,30101003,30101003,-1,12620032,30109003,30109003,-1,12320030,30101003,30101003,-1,11920026,30107003,30107003,-1,11820019,30106003,30106003,-1,12020045,30103003,30103003,-1,12020045,30103003,30103003,-1
123,10014,方砖,"","",0,60,0,4,7,60,T0-55-60,10620047,30103004,30103004,-1,11720033,30103004,30103004,-1,12120079,30105004,30105004,-1,12220082,30108004,30108004,-1,12420100,30104004,30104004,-1,12520042,30101004,30101004,-1,12620055,30109004,30109004,-1,12320046,30101004,30101004,-1,11920034,30107004,30107004,-1,11820054,30106004,30106004,-1,12020079,30103004,30103004,-1,12020079,30103004,30103004,-1
124,10014,方砖,"","",0,60,0,5,7,60,T2-75,10630013,30103005,30103005,30103005,11730006,30103005,30103005,30103005,12130060,30105005,30105005,30105005,12230067,30108005,30108005,30108005,12430082,30104005,30104005,30104005,12530074,30101005,30101005,30101005,12630057,30109005,30109005,30109005,12330073,30101005,30101005,30101005,11930078,30107005,30107005,30107005,11830035,30106005,30106005,30106005,12030079,30103005,30103005,30103005,12030079,30103005,30103005,30103005
131,10015,五火教主,"","",0,30,0,2,4,30,25,10610035,30103002,-1,-1,11710023,30103002,-1,-1,12110007,30105002,-1,-1,12210039,30108002,-1,-1,12410134,30104002,-1,-1,12510090,30101002,-1,-1,12610097,30109002,-1,-1,12310097,30101002,-1,-1,11910002,30107002,-1,-1,-1,-1,-1,-1,12010040,30103002,-1,-1,12010040,30103002,-1,-1
132,10015,五火教主,"","",0,50,0,3,6,50,50,10620033,30103003,30103003,-1,11720025,30103003,30103003,-1,12120053,30105003,30105003,-1,12220035,30108003,30108003,-1,12420065,30104003,30104003,-1,12520037,30101003,30101003,-1,12620032,30109003,30109003,-1,12320030,30101003,30101003,-1,11920026,30107003,30107003,-1,11820019,30106003,30106003,-1,12020045,30103003,30103003,-1,12020045,30103003,30103003,-1
133,10015,五火教主,"","",0,60,0,4,7,60,T0-55-60,10620047,30103004,30103004,-1,11720033,30103004,30103004,-1,12120079,30105004,30105004,-1,12220082,30108004,30108004,-1,12420100,30104004,30104004,-1,12520042,30101004,30101004,-1,12620055,30109004,30109004,-1,12320046,30101004,30101004,-1,11920034,30107004,30107004,-1,11820054,30106004,30106004,-1,12020079,30103004,30103004,-1,12020079,30103004,30103004,-1
134,10015,五火教主,"","",0,60,0,5,7,60,T2-75,10630013,30103005,30103005,30103005,11730006,30103005,30103005,30103005,12130060,30105005,30105005,30105005,12230067,30108005,30108005,30108005,12430082,30104005,30104005,30104005,12530074,30101005,30101005,30101005,12630057,30109005,30109005,30109005,12330073,30101005,30101005,30101005,11930078,30107005,30107005,30107005,11830035,30106005,30106005,30106005,12030079,30103005,30103005,30103005,12030079,30103005,30103005,30103005
141,10016,羞花,"","",0,30,0,2,4,30,25,10610035,30103002,-1,-1,11710023,30103002,-1,-1,12110007,30105002,-1,-1,12210039,30108002,-1,-1,12410134,30104002,-1,-1,12510090,30101002,-1,-1,12610097,30109002,-1,-1,12310097,30101002,-1,-1,11910002,30107002,-1,-1,-1,-1,-1,-1,12010040,30103002,-1,-1,12010040,30103002,-1,-1
142,10016,羞花,"","",0,50,0,3,6,50,50,10620033,30103003,30103003,-1,11720025,30103003,30103003,-1,12120053,30105003,30105003,-1,12220035,30108003,30108003,-1,12420065,30104003,30104003,-1,12520037,30101003,30101003,-1,12620032,30109003,30109003,-1,12320030,30101003,30101003,-1,11920026,30107003,30107003,-1,11820019,30106003,30106003,-1,12020045,30103003,30103003,-1,12020045,30103003,30103003,-1
143,10016,羞花,"","",0,60,0,4,7,60,T0-55-60,10620047,30103004,30103004,-1,11720033,30103004,30103004,-1,12120079,30105004,30105004,-1,12220082,30108004,30108004,-1,12420100,30104004,30104004,-1,12520042,30101004,30101004,-1,12620055,30109004,30109004,-1,12320046,30101004,30101004,-1,11920034,30107004,30107004,-1,11820054,30106004,30106004,-1,12020079,30103004,30103004,-1,12020079,30103004,30103004,-1
144,10016,羞花,"","",0,60,0,5,7,60,T2-75,10630013,30103005,30103005,30103005,11730006,30103005,30103005,30103005,12130060,30105005,30105005,30105005,12230067,30108005,30108005,30108005,12430082,30104005,30104005,30104005,12530074,30101005,30101005,30101005,12630057,30109005,30109005,30109005,12330073,30101005,30101005,30101005,11930078,30107005,30107005,30107005,11830035,30106005,30106005,30106005,12030079,30103005,30103005,30103005,12030079,30103005,30103005,30103005
151,10017,法丝,"","",0,30,0,2,4,30,25,10610035,30103002,-1,-1,11710023,30103002,-1,-1,12110007,30105002,-1,-1,12210039,30108002,-1,-1,12410134,30104002,-1,-1,12510090,30101002,-1,-1,12610097,30109002,-1,-1,12310097,30101002,-1,-1,11910002,30107002,-1,-1,-1,-1,-1,-1,12010040,30103002,-1,-1,12010040,30103002,-1,-1
152,10017,法丝,"","",0,50,0,3,6,50,50,10620033,30103003,30103003,-1,11720025,30103003,30103003,-1,12120053,30105003,30105003,-1,12220035,30108003,30108003,-1,12420065,30104003,30104003,-1,12520037,30101003,30101003,-1,12620032,30109003,30109003,-1,12320030,30101003,30101003,-1,11920026,30107003,30107003,-1,11820019,30106003,30106003,-1,12020045,30103003,30103003,-1,12020045,30103003,30103003,-1
153,10017,法丝,"","",0,60,0,4,7,60,T0-55-60,10620047,30103004,30103004,-1,11720033,30103004,30103004,-1,12120079,30105004,30105004,-1,12220082,30108004,30108004,-1,12420100,30104004,30104004,-1,12520042,30101004,30101004,-1,12620055,30109004,30109004,-1,12320046,30101004,30101004,-1,11920034,30107004,30107004,-1,11820054,30106004,30106004,-1,12020079,30103004,30103004,-1,12020079,30103004,30103004,-1
154,10017,法丝,"","",0,60,0,5,7,60,T2-75,10630013,30103005,30103005,30103005,11730006,30103005,30103005,30103005,12130060,30105005,30105005,30105005,12230067,30108005,30108005,30108005,12430082,30104005,30104005,30104005,12530074,30101005,30101005,30101005,12630057,30109005,30109005,30109005,12330073,30101005,30101005,30101005,11930078,30107005,30107005,30107005,11830035,30106005,30106005,30106005,12030079,30103005,30103005,30103005,12030079,30103005,30103005,30103005
161,10018,女德,"","",0,30,0,2,4,30,25,10610036,30102002,-1,-1,11310014,30102002,-1,-1,12110009,30105002,-1,-1,12210044,30108002,-1,-1,12410133,30104002,-1,-1,12510081,30101002,-1,-1,12610093,30109002,-1,-1,12310097,30101002,-1,-1,11910006,30107002,-1,-1,-1,-1,-1,-1,12010043,30102002,-1,-1,12010043,30102002,-1,-1
162,10018,女德,"","",0,50,0,3,6,50,50,10620029,30102003,30102003,-1,11320007,30102003,30102003,-1,12120049,30105003,30105003,-1,12220040,30108003,30108003,-1,12420061,30104003,30104003,-1,12520036,30101003,30101003,-1,12620066,30109003,30109003,-1,12320043,30101003,30101003,-1,11920029,30107003,30107003,-1,11820021,30106003,30106003,-1,12020058,30102003,30102003,-1,12020058,30102003,30102003,-1
163,10018,女德,"","",0,60,0,4,7,60,T0-55-60,10620048,30102004,30102004,-1,11320016,30102004,30102004,-1,12120091,30105004,30105004,-1,12220060,30108004,30108004,-1,12420118,30104004,30104004,-1,12520057,30101004,30101004,-1,12620069,30109004,30109004,-1,12320058,30101004,30101004,-1,11920065,30107004,30107004,-1,11820021,30106004,30106004,-1,12020057,30102004,30102004,-1,12020057,30102004,30102004,-1
164,10018,女德,"","",0,60,0,5,7,60,T2-75,10630016,30102005,30102005,30102005,11330001,30102005,30102005,30102005,12130068,30105005,30105005,30105005,12230076,30108005,30108005,30108005,12430092,30104005,30104005,30104005,12530083,30101005,30101005,30101005,12630065,30109005,30109005,30109005,12330080,30101005,30101005,30101005,11930087,30107005,30107005,30107005,11830046,30106005,30106005,30106005,12030087,30102005,30102005,30102005,12030087,30102005,30102005,30102005
171,10019,神棍德,"","",0,30,0,2,4,30,25,10610036,30102002,-1,-1,11310013,30102002,-1,-1,12110009,30105002,-1,-1,12210044,30108002,-1,-1,12410133,30104002,-1,-1,12510081,30101002,-1,-1,12610093,30109002,-1,-1,12310097,30101002,-1,-1,11910006,30106002,-1,-1,-1,-1,-1,-1,12010043,30101002,-1,-1,12010043,30101002,-1,-1
172,10019,神棍德,"","",0,50,0,3,6,50,50,10620038,30102003,30102003,-1,11320008,30102003,30102003,-1,12120049,30105003,30105003,-1,12220040,30108003,30108003,-1,12420061,30104003,30104003,-1,12520039,30101003,30101003,-1,12620043,30109003,30109003,-1,12320027,30101003,30101003,-1,11920046,30107003,30107003,-1,11820016,30106003,30106003,-1,12020040,30101003,30101003,-1,12020040,30101003,30101003,-1
173,10019,神棍德,"","",0,60,0,4,7,60,T0-55-60,10620049,30102004,30102004,-1,11320011,30102004,30102004,-1,12120095,30105004,30105004,-1,12220061,30108004,30108004,-1,12420120,30104004,30104004,-1,12520058,30101004,30101004,-1,12620070,30109004,30109004,-1,12320061,30101004,30101004,-1,11920066,30107004,30107004,-1,11820049,30106004,30106004,-1,12020060,30101004,30101004,-1,12020060,30101004,30101004,-1
174,10019,神棍德,"","",0,60,0,5,7,60,T2-75,10630009,30102005,30102005,30102005,11330003,30102005,30102005,30102005,12130072,30105005,30105005,30105005,12230080,30108005,30108005,30108005,12430095,30104005,30104005,30104005,12530086,30101005,30101005,30101005,12630068,30109005,30109005,30109005,12330084,30101005,30101005,30101005,11930090,30107005,30107005,30107005,11830037,30106005,30106005,30106005,12030091,30101005,30101005,30101005,12030091,30101005,30101005,30101005
181,10020,花花,"","",0,30,0,2,4,30,25,10210029,30103002,-1,-1,11310017,30103002,-1,-1,12110009,30105002,-1,-1,12210044,30108002,-1,-1,12410133,30104002,-1,-1,12510081,30101002,-1,-1,12610093,30109002,-1,-1,12310097,30101002,-1,-1,11910008,30107002,-1,-1,-1,-1,-1,-1,12010046,30103002,-1,-1,12010046,30103002,-1,-1
182,10020,花花,"","",0,50,0,3,6,50,50,10220039,30103003,30103003,-1,11320013,30103003,30103003,-1,12120076,30105003,-1,-1,12220040,30108003,30108003,-1,12420064,30104003,30104003,-1,12520039,30101003,30101003,-1,12620044,30109003,30109003,-1,12320033,30101003,30101003,-1,11920051,30107003,30107003,-1,11820023,30106003,30106003,-1,12020044,30103003,30103003,-1,12020044,30103003,30103003,-1
183,10020,花花,"","",0,60,0,4,7,60,T0-55-60,10220059,30103004,30103004,-1,11320018,30103004,30103004,-1,12120099,30105003,30105003,-1,12220065,30108004,30108004,-1,12420123,30104004,30104004,-1,12520060,30101004,30101004,-1,12620076,30109004,30109004,-1,12320066,30101004,30101004,-1,11920070,30107004,30107004,-1,11820055,30106004,30106004,-1,12020063,30103004,30103004,-1,12020063,30103004,30103004,-1
184,10020,花花,"","",0,60,0,5,7,60,T2-75,10230015,30103005,30103005,30103005,11330004,30103005,30103005,30103005,12130073,30105004,30105004,30105004,12230081,30108005,30108005,30108005,12430096,30104005,30104005,30104005,12530087,30101005,30101005,30101005,12630069,30109005,30109005,30109005,12330085,30101005,30101005,30101005,11930091,30107005,30107005,30107005,11830039,30106005,30106005,30106005,12030092,30103005,30103005,30103005,12030092,30103005,30103005,30103005
191,10023,娇花,"","",0,30,0,2,4,30,25,11010037,30103002,-1,-1,11510029,30103002,-1,-1,12110007,30105002,-1,-1,12210039,30108002,-1,-1,12410134,30104002,-1,-1,12510090,30101002,-1,-1,12610097,30109002,-1,-1,12310097,30101002,-1,-1,11910002,30107002,-1,-1,-1,-1,-1,-1,12010040,30103002,-1,-1,12010040,30103002,-1,-1
192,10023,娇花,"","",0,50,0,3,6,50,50,11020040,30103003,30103003,-1,11520018,30103003,30103003,-1,12120053,30105003,30105003,-1,12220035,30108003,30108003,-1,12420065,30104003,30104003,-1,12520037,30101003,30101003,-1,12620032,30109003,30109003,-1,12320030,30101003,30101003,-1,11920026,30107003,30107003,-1,11820019,30106003,30106003,-1,12020045,30103003,30103003,-1,12020045,30103003,30103003,-1
193,10023,娇花,"","",0,60,0,4,7,60,T0-55-60,11020062,30103004,30103004,-1,11520027,30103004,30103004,-1,12120080,30105004,30105004,-1,12220050,30108004,30108004,-1,12420102,30104004,30104004,-1,12520040,30101004,30101004,-1,12620058,30109004,30109004,-1,12320047,30101004,30101004,-1,11920035,30107004,30107004,-1,11820054,30106004,30106004,-1,12020078,30103004,30103004,-1,12020078,30103004,30103004,-1
194,10023,娇花,"","",0,60,0,5,7,60,T2-75,11030026,30103005,30103005,30103005,11530007,30103005,30103005,30103005,12130058,30105005,30105005,30105005,12230065,30108005,30108005,30108005,12430081,30104005,30104005,30104005,12530073,30101005,30101005,30101005,12630056,30109005,30109005,30109005,12330072,30101005,30101005,30101005,11930077,30107005,30107005,30107005,11830035,30106005,30106005,30106005,12030078,30103005,30103005,30103005,12030078,30103005,30103005,30103005
201,10026,沐丝,"","",0,30,0,2,4,30,25,10610038,30103002,-1,-1,11710019,30103002,-1,-1,12110007,30105002,-1,-1,12210039,30108002,-1,-1,12410134,30104002,-1,-1,12510090,30101002,-1,-1,12610097,30109002,-1,-1,12310097,30101002,-1,-1,11910008,30107002,-1,-1,-1,-1,-1,-1,12010046,30103002,-1,-1,12010046,30103002,-1,-1
202,10026,沐丝,"","",0,50,0,3,6,50,50,10620035,30103003,30103003,-1,11720022,30103003,30103003,-1,12120057,30105003,-1,-1,12220035,30108003,30108003,-1,12420062,30104003,30104003,-1,12520037,30101003,30101003,-1,12620039,30109003,30109003,-1,12320039,30101003,30101003,-1,11920031,30107003,30107003,-1,11820023,30106003,30106003,-1,12020044,30103003,30103003,-1,12020044,30103003,30103003,-1
203,10026,沐丝,"","",0,60,0,4,7,60,T0-55-60,10620043,30103004,30103004,-1,11720036,30103004,30103004,-1,12120098,30105003,30105003,-1,12220062,30108004,30108004,-1,12420122,30104004,30104004,-1,12520059,30101004,30101004,-1,12620075,30109004,30109004,-1,12320067,30101004,30101004,-1,11920048,30107004,30107004,-1,11820055,30106004,30106004,-1,12020064,30103004,30103004,-1,12020064,30103004,30103004,-1
204,10026,沐丝,"","",0,60,0,5,7,60,T2-75,10630017,30103005,30103005,30103005,11730007,30103005,30103005,30103005,12130076,30105004,30105004,30105004,12230084,30108005,30108005,30108005,12430099,30104005,30104005,30104005,12530089,30101005,30101005,30101005,12630072,30109005,30109005,30109005,12330087,30101005,30101005,30101005,11930093,30107005,30107005,30107005,11830039,30106005,30106005,30106005,12030094,30103005,30103005,30103005,12030094,30103005,30103005,30103005
211,10027,闭月,"","",0,30,0,2,4,30,25,10610035,30103002,-1,-1,11710023,30103002,-1,-1,12110007,30105002,-1,-1,12210039,30108002,-1,-1,12410134,30104002,-1,-1,12510090,30101002,-1,-1,12610097,30109002,-1,-1,12310097,30101002,-1,-1,11910002,30107002,-1,-1,-1,-1,-1,-1,12010040,30103002,-1,-1,12010040,30103002,-1,-1
212,10027,闭月,"","",0,50,0,3,6,50,50,10620033,30103003,30103003,-1,11720025,30103003,30103003,-1,12120053,30105003,30105003,-1,12220035,30108003,30108003,-1,12420065,30104003,30104003,-1,12520037,30101003,30101003,-1,12620032,30109003,30109003,-1,12320030,30101003,30101003,-1,11920026,30107003,30107003,-1,11820019,30106003,30106003,-1,12020045,30103003,30103003,-1,12020045,30103003,30103003,-1
213,10027,闭月,"","",0,60,0,4,7,60,T0-55-60,10620047,30103004,30103004,-1,11720033,30103004,30103004,-1,12120078,30105004,30105004,-1,12220047,30108004,30108004,-1,12420101,30104004,30104004,-1,12520044,30101004,30101004,-1,12620056,30109004,30109004,-1,12320048,30101004,30101004,-1,11920037,30107004,30107004,-1,11820054,30106004,30106004,-1,12020048,30103004,30103004,-1,12020048,30103004,30103004,-1
214,10027,闭月,"","",0,60,0,5,7,60,T2-75,10630013,30103005,30103005,30103005,11730006,30103005,30103005,30103005,12130062,30105005,30105005,30105005,12230070,30108005,30108005,30108005,12430085,30104005,30104005,30104005,12530076,30101005,30101005,30101005,12630059,30109005,30109005,30109005,12330075,30101005,30101005,30101005,11930079,30107005,30107005,30107005,11830035,30106005,30106005,30106005,12030081,30103005,30103005,30103005,12030081,30103005,30103005,30103005
221,10028,大小姐,"","",0,30,0,2,4,30,25,10810044,30103002,-1,-1,11410062,30103002,-1,-1,12110013,30105002,-1,-1,12210042,30108002,-1,-1,12410136,30104002,-1,-1,12510079,30101002,-1,-1,12610100,30109002,-1,-1,12310097,30101002,-1,-1,11910008,30107002,-1,-1,-1,-1,-1,-1,12010046,30103002,-1,-1,12010046,30103002,-1,-1
222,10028,大小姐,"","",0,50,0,3,6,50,50,10820033,30103003,30103003,-1,11420025,30103003,30103003,-1,12120062,30105003,-1,-1,12220037,30108003,30108003,-1,12420063,30104003,30104003,-1,12520083,30101003,30101003,-1,12620035,30109003,30109003,-1,12320039,30101003,30101003,-1,11920031,30107003,30107003,-1,11820023,30106003,30106003,-1,12020061,30103003,30103003,-1,12020061,30103003,30103003,-1
223,10028,大小姐,"","",0,60,0,4,7,60,T0-55-60,10820052,30103004,30103004,-1,11420041,30103004,30103004,-1,12120097,30105003,30105003,-1,12220063,30108004,30108004,-1,12420121,30104004,30104004,-1,12520092,30101004,30101004,-1,12620074,30109004,30109004,-1,12320065,30101004,30101004,-1,11920047,30107004,30107004,-1,11820055,30106004,30106004,-1,12020062,30103004,30103004,-1,12020062,30103004,30103004,-1
224,10028,大小姐,"","",0,60,0,5,7,60,T2-75,10830008,30103005,30103005,30103005,11430011,30103005,30103005,30103005,12130075,30105004,30105004,30105004,12230083,30108005,30108005,30108005,12430098,30104005,30104005,30104005,12530088,30101005,30101005,30101005,12630071,30109005,30109005,30109005,12330086,30101005,30101005,30101005,11930092,30107005,30107005,30107005,11830039,30106005,30106005,30106005,12030093,30103005,30103005,30103005,12030093,30103005,30103005,30103005
231,10029,圣光棍棍,"","",0,30,0,2,4,30,25,10810042,30102002,-1,-1,11410060,30102002,-1,-1,12110013,30105002,-1,-1,12210042,30108002,-1,-1,12410136,30104002,-1,-1,12510079,30101002,-1,-1,12610100,30109002,-1,-1,12310097,30101002,-1,-1,11920002,30106002,-1,-1,-1,-1,-1,-1,12010039,30101002,-1,-1,12010039,30101002,-1,-1
232,10029,圣光棍棍,"","",0,50,0,3,6,50,50,10820031,30102003,30102003,-1,11420023,30102003,30102003,-1,12120047,30105003,30105003,-1,12220037,30108003,30108003,-1,12420067,30104003,30104003,-1,12520083,30101003,30101003,-1,12620035,30109003,30109003,-1,12320026,30101003,30101003,-1,11920030,30107003,30107003,-1,11820015,30106003,30106003,-1,12020043,30101003,30101003,-1,12020043,30101003,30101003,-1
233,10029,圣光棍棍,"","",0,60,0,4,7,60,T0-55-60,10820051,30102004,30102004,-1,11420032,30102004,30102004,-1,12120084,30105004,30105004,-1,12220051,30108004,30108004,-1,12420106,30104004,30104004,-1,12520082,30101004,30101004,-1,12620060,30109004,30109004,-1,12320050,30101004,30101004,-1,11920038,30107004,30107004,-1,11820041,30106004,30106004,-1,12020049,30101004,30101004,-1,12020049,30101004,30101004,-1
234,10029,圣光棍棍,"","",0,60,0,5,7,60,T2-75,10830018,30102005,30102005,30102005,11430014,30102005,30102005,30102005,12130063,30105005,30105005,30105005,12230071,30108005,30108005,30108005,12430087,30104005,30104005,30104005,12530077,30101005,30101005,30101005,12630060,30109005,30109005,30109005,12330076,30101005,30101005,30101005,11930082,30107005,30107005,30107005,11830036,30106005,30106005,30106005,12030082,30101005,30101005,30101005,12030082,30101005,30101005,30101005
241,10030,大大姐,"","",0,30,0,2,4,30,25,10310023,30102002,-1,-1,11610007,30102002,-1,-1,12110013,30105002,-1,-1,12210042,30108002,-1,-1,12410136,30104002,-1,-1,12510079,30101002,-1,-1,12610100,30109002,-1,-1,12310097,30101002,-1,-1,11920003,30107002,-1,-1,-1,-1,-1,-1,12010039,30102002,-1,-1,12010039,30102002,-1,-1
242,10030,大大姐,"","",0,50,0,3,6,50,50,10320023,30102003,30102003,-1,11620001,30102003,30102003,-1,12120047,30105003,30105003,-1,12220043,30108003,30108003,-1,12420074,30104003,30104003,-1,12520048,30101003,30101003,-1,12620034,30109003,30109003,-1,12320025,30101003,30101003,-1,11920041,30107003,30107003,-1,11820018,30106003,30106003,-1,12020053,30102003,30102003,-1,12020053,30102003,30102003,-1
243,10030,大大姐,"","",0,60,0,4,7,60,T0-55-60,10320032,30102004,30102004,-1,11620001,30102004,30102004,-1,12120087,30105004,30105004,-1,12220054,30108004,30108004,-1,12420111,30104004,30104004,-1,12520085,30101004,30101004,-1,12620062,30109004,30109004,-1,12320053,30101004,30101004,-1,11920042,30107004,30107004,-1,11820053,30106004,30106004,-1,12020053,30102004,30102004,-1,12020053,30102004,30102004,-1
244,10030,大大姐,"","",0,60,0,5,7,60,T2-75,10330013,30102005,30102005,30102005,11630001,30102005,30102005,30102005,12130066,30105005,30105005,30105005,12230074,30108005,30108005,30108005,12430090,30104005,30104005,30104005,12530081,30101005,30101005,30101005,12630063,30109005,30109005,30109005,12330078,30101005,30101005,30101005,11930085,30107005,30107005,30107005,11830045,30106005,30106005,30106005,12030085,30102005,30102005,30102005,12030085,30102005,30102005,30102005
251,10031,老相好,"","",0,30,0,2,4,30,25,10310023,30102002,-1,-1,11610007,30102002,-1,-1,12110013,30105002,-1,-1,12210042,30108002,-1,-1,12410136,30104002,-1,-1,12510079,30101002,-1,-1,12610100,30109002,-1,-1,12310097,30101002,-1,-1,11920003,30107002,-1,-1,-1,-1,-1,-1,12010039,30102002,-1,-1,12010039,30102002,-1,-1
252,10031,老相好,"","",0,50,0,3,6,50,50,10320023,30102003,30102003,-1,11620001,30102003,30102003,-1,12120047,30105003,30105003,-1,12220043,30108003,30108003,-1,12420074,30104003,30104003,-1,12520048,30101003,30101003,-1,12620034,30109003,30109003,-1,12320025,30101003,30101003,-1,11920041,30107003,30107003,-1,11820018,30106003,30106003,-1,12020053,30102003,30102003,-1,12020053,30102003,30102003,-1
253,10031,老相好,"","",0,60,0,4,7,60,T0-55-60,10320032,30102004,30102004,-1,11620001,30102004,30102004,-1,12120087,30105004,30105004,-1,12220054,30108004,30108004,-1,12420111,30104004,30104004,-1,12520085,30101004,30101004,-1,12620062,30109004,30109004,-1,12320053,30101004,30101004,-1,11920042,30107004,30107004,-1,11820053,30106004,30106004,-1,12020053,30102004,30102004,-1,12020053,30102004,30102004,-1
254,10031,老相好,"","",0,60,0,5,7,60,T2-75,10330013,30102005,30102005,30102005,11630001,30102005,30102005,30102005,12130066,30105005,30105005,30105005,12230074,30108005,30108005,30108005,12430090,30104005,30104005,30104005,12530081,30101005,30101005,30101005,12630063,30109005,30109005,30109005,12330078,30101005,30101005,30101005,11930085,30107005,30107005,30107005,11830045,30106005,30106005,30106005,12030085,30102005,30102005,30102005,12030085,30102005,30102005,30102005
261,10032,女贼,"","",0,30,0,2,4,30,25,10910044,30102002,-1,-1,10910044,30102002,-1,-1,12110009,30105002,-1,-1,12210044,30108002,-1,-1,12410133,30104002,-1,-1,12510081,30101002,-1,-1,12610093,30109002,-1,-1,12310097,30101002,-1,-1,11910006,30107002,-1,-1,-1,-1,-1,-1,12010043,30102002,-1,-1,12010043,30102002,-1,-1
262,10032,女贼,"","",0,50,0,3,6,50,50,10920037,30102003,30102003,-1,10920037,30102003,30102003,-1,12120051,30105003,30105003,-1,12220040,30108003,30108003,-1,12420061,30104003,30104003,-1,12520051,30101003,30101003,-1,12620066,30109003,30109003,-1,12320024,30101003,30101003,-1,11920029,30107003,30107003,-1,11820021,30106003,30106003,-1,12020040,30102003,30102003,-1,12020040,30102003,30102003,-1
263,10032,女贼,"","",0,60,0,4,7,60,T0-55-60,10920062,30102004,30102004,-1,10920062,30102004,30102004,-1,12120089,30105004,30105004,-1,12220058,30108004,30108004,-1,12420116,30104004,30104004,-1,12520054,30101004,30101004,-1,12620067,30109004,30109004,-1,12320056,30101004,30101004,-1,11920044,30107004,30107004,-1,11820021,30106004,30106004,-1,12020055,30102004,30102004,-1,12020055,30102004,30102004,-1
264,10032,女贼,"","",0,60,0,5,7,60,T2-75,10930022,30102005,30102005,30102005,10930022,30102005,30102005,30102005,12130071,30105005,30105005,30105005,12230078,30108005,30108005,30108005,12430094,30104005,30104005,30104005,12530085,30101005,30101005,30101005,12630067,30109005,30109005,30109005,12330083,30101005,30101005,30101005,11930088,30107005,30107005,30107005,11830046,30106005,30106005,30106005,12030089,30102005,30102005,30102005,12030089,30102005,30102005,30102005
271,10033,呆贼,"","",0,30,0,2,4,30,25,11010040,30102002,-1,-1,11010040,30102002,-1,-1,12110009,30105002,-1,-1,12210044,30108002,-1,-1,12410133,30104002,-1,-1,12510081,30101002,-1,-1,12610093,30109002,-1,-1,12310097,30101002,-1,-1,11910006,30107002,-1,-1,-1,-1,-1,-1,12010043,30102002,-1,-1,12010043,30102002,-1,-1
272,10033,呆贼,"","",0,50,0,3,6,50,50,11020042,30102003,30102003,-1,11020042,30102003,30102003,-1,12120051,30105003,30105003,-1,12220040,30108003,30108003,-1,12420061,30104003,30104003,-1,12520051,30101003,30101003,-1,12620066,30109003,30109003,-1,12320024,30101003,30101003,-1,11920029,30107003,30107003,-1,11820021,30106003,30106003,-1,12020040,30102003,30102003,-1,12020040,30102003,30102003,-1
273,10033,呆贼,"","",0,60,0,4,7,60,T0-55-60,11020064,30102004,30102004,-1,11020064,30102004,30102004,-1,12120089,30105004,30105004,-1,12220058,30108004,30108004,-1,12420116,30104004,30104004,-1,12520054,30101004,30101004,-1,12620067,30109004,30109004,-1,12320056,30101004,30101004,-1,11920044,30107004,30107004,-1,11820021,30106004,30106004,-1,12020055,30102004,30102004,-1,12020055,30102004,30102004,-1
274,10033,呆贼,"","",0,60,0,5,7,60,T2-75,11030022,30102005,30102005,30102005,11030022,30102005,30102005,30102005,12130071,30105005,30105005,30105005,12230078,30108005,30108005,30108005,12430094,30104005,30104005,30104005,12530085,30101005,30101005,30101005,12630067,30109005,30109005,30109005,12330083,30101005,30101005,30101005,11930088,30107005,30107005,30107005,11830046,30106005,30106005,30106005,12030089,30102005,30102005,30102005,12030089,30102005,30102005,30102005
281,10034,落雁,"","",0,30,0,2,4,30,25,10910044,30102002,-1,-1,10910044,30102002,-1,-1,12110009,30105002,-1,-1,12210044,30108002,-1,-1,12410133,30104002,-1,-1,12510081,30101002,-1,-1,12610093,30109002,-1,-1,12310097,30101002,-1,-1,11910006,30107002,-1,-1,-1,-1,-1,-1,12010043,30102002,-1,-1,12010043,30102002,-1,-1
282,10034,落雁,"","",0,50,0,3,6,50,50,10920037,30102003,30102003,-1,10920037,30102003,30102003,-1,12120051,30105003,30105003,-1,12220040,30108003,30108003,-1,12420061,30104003,30104003,-1,12520051,30101003,30101003,-1,12620066,30109003,30109003,-1,12320024,30101003,30101003,-1,11920029,30107003,30107003,-1,11820021,30106003,30106003,-1,12020040,30102003,30102003,-1,12020040,30102003,30102003,-1
283,10034,落雁,"","",0,60,0,4,7,60,T0-55-60,10920062,30102004,30102004,-1,10920062,30102004,30102004,-1,12120089,30105004,30105004,-1,12220058,30108004,30108004,-1,12420116,30104004,30104004,-1,12520054,30101004,30101004,-1,12620067,30109004,30109004,-1,12320056,30101004,30101004,-1,11920044,30107004,30107004,-1,11820021,30106004,30106004,-1,12020055,30102004,30102004,-1,12020055,30102004,30102004,-1
284,10034,落雁,"","",0,60,0,5,7,60,T2-75,10930022,30102005,30102005,30102005,10930022,30102005,30102005,30102005,12130071,30105005,30105005,30105005,12230078,30108005,30108005,30108005,12430094,30104005,30104005,30104005,12530085,30101005,30101005,30101005,12630067,30109005,30109005,30109005,12330083,30101005,30101005,30101005,11930088,30107005,30107005,30107005,11830046,30106005,30106005,30106005,12030089,30102005,30102005,30102005,12030089,30102005,30102005,30102005
291,10035,三颤,"","",0,30,0,2,4,30,25,10910044,30102002,-1,-1,10910044,30102002,-1,-1,12110009,30105002,-1,-1,12210044,30108002,-1,-1,12410133,30104002,-1,-1,12510081,30101002,-1,-1,12610093,30109002,-1,-1,12310097,30101002,-1,-1,11910006,30107002,-1,-1,-1,-1,-1,-1,12010043,30102002,-1,-1,12010043,30102002,-1,-1
292,10035,三颤,"","",0,50,0,3,6,50,50,10920037,30102003,30102003,-1,10920037,30102003,30102003,-1,12120051,30105003,30105003,-1,12220040,30108003,30108003,-1,12420061,30104003,30104003,-1,12520051,30101003,30101003,-1,12620066,30109003,30109003,-1,12320024,30101003,30101003,-1,11920029,30107003,30107003,-1,11820021,30106003,30106003,-1,12020040,30102003,30102003,-1,12020040,30102003,30102003,-1
293,10035,三颤,"","",0,60,0,4,7,60,T0-55-60,10920062,30102004,30102004,-1,10920062,30102004,30102004,-1,12120089,30105004,30105004,-1,12220058,30108004,30108004,-1,12420116,30104004,30104004,-1,12520054,30101004,30101004,-1,12620067,30109004,30109004,-1,12320056,30101004,30101004,-1,11920044,30107004,30107004,-1,11820021,30106004,30106004,-1,12020055,30102004,30102004,-1,12020055,30102004,30102004,-1
294,10035,三颤,"","",0,60,0,5,7,60,T2-75,10930022,30102005,30102005,30102005,10930022,30102005,30102005,30102005,12130071,30105005,30105005,30105005,12230078,30108005,30108005,30108005,12430094,30104005,30104005,30104005,12530085,30101005,30101005,30101005,12630067,30109005,30109005,30109005,12330083,30101005,30101005,30101005,11930088,30107005,30107005,30107005,11830046,30106005,30106005,30106005,12030089,30102005,30102005,30102005,12030089,30102005,30102005,30102005
301,10102,战士,"","",0,30,0,2,4,30,25,11010042,30102002,-1,-1,11410067,30102002,-1,-1,12110013,30105002,-1,-1,12210042,30108002,-1,-1,12410136,30104002,-1,-1,12510079,30101002,-1,-1,12610100,30109002,-1,-1,12310097,30101002,-1,-1,11920002,30106002,-1,-1,-1,-1,-1,-1,12010039,30101002,-1,-1,12010039,30101002,-1,-1
302,10102,战士,[trans]robot_name_302,player_head_ka+player_head_srzs_a,1,50,0,3,6,50,50,11020043,30102003,30102003,-1,11420021,30102003,30102003,-1,12120054,30105003,30105003,-1,12220043,30108003,30108003,-1,12420074,30104003,30104003,-1,12520047,30101003,30101003,-1,12620035,30109003,30109003,-1,12320025,30101003,30101003,-1,11920028,30107003,30107003,-1,11820015,30106003,30106003,-1,12020043,30101003,30101003,-1,12020043,30101003,30101003,-1
303,10102,战士,[trans]robot_name_303,player_head_ka+player_head_srzs_a,1,60,0,4,7,60,T0-55-60,11030007,30102004,30102004,-1,11430006,30102004,30102004,-1,12120086,30105004,30105004,-1,12220092,30108004,30108004,-1,12420110,30104004,30104004,-1,12520046,30101004,30101004,-1,12620061,30109004,30109004,-1,12320051,30101004,30101004,-1,11920039,30107004,30107004,-1,11820015,30106004,30106004,-1,12020052,30101004,30101004,-1,12020052,30101004,30101004,-1
304,10102,战士,[trans]robot_name_304,player_head_ka+player_head_srzs_a,1,60,0,5,7,60,T2-75,11030024,30102005,30102005,30102005,11430015,30102005,30102005,30102005,12130064,30105005,30105005,30105005,12230072,30108005,30108005,30108005,12430088,30104005,30104005,30104005,12530078,30101005,30101005,30101005,12630061,30109005,30109005,30109005,12330077,30101005,30101005,30101005,11930083,30107005,30107005,30107005,11830036,30106005,30106005,30106005,12030083,30101005,30101005,30101005,12030083,30101005,30101005,30101005
311,10109,萨满,"","",0,30,0,2,4,30,25,10810050,30103002,-1,-1,11410066,30103002,-1,-1,12110009,30105002,-1,-1,12210044,30108002,-1,-1,12410133,30104002,-1,-1,12510081,30101002,-1,-1,12610093,30109002,-1,-1,12310097,30101002,-1,-1,11910002,30107002,-1,-1,-1,-1,-1,-1,12010040,30103002,-1,-1,12010040,30103002,-1,-1
312,10109,萨满,[trans]robot_name_312,player_head_ka+player_head_ntsm_a,4,50,0,3,6,50,50,10820034,30103003,30103003,-1,11420022,30103003,30103003,-1,12120043,30105003,30105003,-1,12220033,30108003,30108003,-1,12420090,30104003,30104003,-1,12520038,30101003,30101003,-1,12620041,30109003,30109003,-1,12320034,30101003,30101003,-1,11920027,30107003,30107003,-1,11820019,30106003,30106003,-1,12020042,30103003,30103003,-1,12020042,30103003,30103003,-1
313,10109,萨满,[trans]robot_name_313,player_head_ka+player_head_ntsm_a,4,60,0,4,7,60,T0-55-60,10820048,30103004,30103004,-1,11420030,30103004,30103004,-1,12120082,30105004,30105004,-1,12220048,30108004,30108004,-1,12420105,30104004,30104004,-1,12520041,30101004,30101004,-1,12620057,30109004,30109004,-1,12320049,30101004,30101004,-1,11920033,30107004,30107004,-1,11820054,30106004,30106004,-1,12020047,30103004,30103004,-1,12020047,30103004,30103004,-1
314,10109,萨满,[trans]robot_name_314,player_head_ka+player_head_ntsm_a,4,60,0,5,7,60,T2-75,10830019,30103005,30103005,30103005,11430012,30103005,30103005,30103005,12130061,30105005,30105005,30105005,12230069,30108005,30108005,30108005,12430083,30104005,30104005,30104005,12530075,30101005,30101005,30101005,12630058,30109005,30109005,30109005,12330074,30101005,30101005,30101005,11930081,30107005,30107005,30107005,11830035,30106005,30106005,30106005,12030080,30103005,30103005,30103005,12030080,30103005,30103005,30103005
321,10113,猎人,"","",0,30,0,2,4,30,25,10410018,30102002,-1,-1,11110009,30102002,-1,-1,12110009,30105002,-1,-1,12210044,30108002,-1,-1,12410133,30104002,-1,-1,12510081,30101002,-1,-1,12610093,30109002,-1,-1,12310097,30101002,-1,-1,11910006,30107002,-1,-1,-1,-1,-1,-1,12010043,30102002,-1,-1,12010043,30102002,-1,-1
322,10113,猎人,[trans]robot_name_322,player_head_ka+player_head_jmlr_a,7,50,0,3,6,50,50,10420016,30102003,30102003,-1,11120001,30102003,30102003,-1,12120055,30105003,30105003,-1,12220028,30108003,30108003,-1,12420069,30104003,30104003,-1,12520038,30101003,30101003,-1,12620033,30109003,30109003,-1,12320027,30101003,30101003,-1,11920029,30107003,30107003,-1,11820021,30106003,30106003,-1,12020058,30102003,30102003,-1,12020058,30102003,30102003,-1
323,10113,猎人,[trans]robot_name_323,player_head_ka+player_head_jmlr_a,7,60,0,4,7,60,T0-55-60,10420028,30102004,30102004,-1,11120002,30102004,30102004,-1,12120090,30105004,30105004,-1,12220059,30108004,30108004,-1,12420117,30104004,30104004,-1,12520056,30101004,30101004,-1,12620068,30109004,30109004,-1,12320057,30101004,30101004,-1,11920045,30107004,30107004,-1,11820021,30106004,30106004,-1,12020056,30102004,30102004,-1,12020056,30102004,30102004,-1
324,10113,猎人,[trans]robot_name_324,player_head_ka+player_head_jmlr_a,7,60,0,5,7,60,T2-75,10430009,30102005,30102005,30102005,11130001,30102005,30102005,30102005,12130067,30105005,30105005,30105005,12230075,30108005,30108005,30108005,12430091,30104005,30104005,30104005,12530082,30101005,30101005,30101005,12630064,30109005,30109005,30109005,12330082,30101005,30101005,30101005,11930086,30107005,30107005,30107005,11830046,30106005,30106005,30106005,12030086,30102005,30102005,30102005,12030086,30102005,30102005,30102005
331,10114,法师,"","",0,30,0,2,4,30,25,10610035,30103002,-1,-1,11710023,30103002,-1,-1,12110007,30105002,-1,-1,12210039,30108002,-1,-1,12410134,30104002,-1,-1,12510090,30101002,-1,-1,12610097,30109002,-1,-1,12310097,30101002,-1,-1,11910002,30107002,-1,-1,-1,-1,-1,-1,12010040,30103002,-1,-1,12010040,30103002,-1,-1
332,10114,法师,[trans]robot_name_332,player_head_ka+player_head_rlfs_a,10,50,0,3,6,50,50,10620033,30103003,30103003,-1,11720025,30103003,30103003,-1,12120053,30105003,30105003,-1,12220035,30108003,30108003,-1,12420065,30104003,30104003,-1,12520037,30101003,30101003,-1,12620032,30109003,30109003,-1,12320030,30101003,30101003,-1,11920026,30107003,30107003,-1,11820019,30106003,30106003,-1,12020045,30103003,30103003,-1,12020045,30103003,30103003,-1
333,10114,法师,[trans]robot_name_333,player_head_ka+player_head_rlfs_a,10,60,0,4,7,60,T0-55-60,10620047,30103004,30103004,-1,11720033,30103004,30103004,-1,12120079,30105004,30105004,-1,12220082,30108004,30108004,-1,12420100,30104004,30104004,-1,12520042,30101004,30101004,-1,12620055,30109004,30109004,-1,12320046,30101004,30101004,-1,11920034,30107004,30107004,-1,11820054,30106004,30106004,-1,12020079,30103004,30103004,-1,12020079,30103004,30103004,-1
334,10114,法师,[trans]robot_name_334,player_head_ka+player_head_rlfs_a,10,60,0,5,7,60,T2-75,10630013,30103005,30103005,30103005,11730006,30103005,30103005,30103005,12130060,30105005,30105005,30105005,12230067,30108005,30108005,30108005,12430082,30104005,30104005,30104005,12530074,30101005,30101005,30101005,12630057,30109005,30109005,30109005,12330073,30101005,30101005,30101005,11930078,30107005,30107005,30107005,11830035,30106005,30106005,30106005,12030079,30103005,30103005,30103005,12030079,30103005,30103005,30103005
341,10119,德鲁伊,"","",0,30,0,2,4,30,25,10210029,30103002,-1,-1,11310017,30103002,-1,-1,12110009,30105002,-1,-1,12210044,30108002,-1,-1,12410133,30104002,-1,-1,12510081,30101002,-1,-1,12610093,30109002,-1,-1,12310097,30101002,-1,-1,11910008,30107002,-1,-1,-1,-1,-1,-1,12010046,30103002,-1,-1,12010046,30103002,-1,-1
342,10119,德鲁伊,[trans]robot_name_342,player_head_ka+player_head_aydly_a,25,50,0,3,6,50,50,10220039,30103003,30103003,-1,11320013,30103003,30103003,-1,12120076,30105003,-1,-1,12220040,30108003,30108003,-1,12420064,30104003,30104003,-1,12520039,30101003,30101003,-1,12620044,30109003,30109003,-1,12320033,30101003,30101003,-1,11920051,30107003,30107003,-1,11820023,30106003,30106003,-1,12020044,30103003,30103003,-1,12020044,30103003,30103003,-1
343,10119,德鲁伊,[trans]robot_name_343,player_head_ka+player_head_aydly_a,25,60,0,4,7,60,T0-55-60,10220059,30103004,30103004,-1,11320018,30103004,30103004,-1,12120099,30105003,30105003,-1,12220065,30108004,30108004,-1,12420123,30104004,30104004,-1,12520060,30101004,30101004,-1,12620076,30109004,30109004,-1,12320066,30101004,30101004,-1,11920070,30107004,30107004,-1,11820055,30106004,30106004,-1,12020063,30103004,30103004,-1,12020063,30103004,30103004,-1
344,10119,德鲁伊,[trans]robot_name_344,player_head_ka+player_head_aydly_a,25,60,0,5,7,60,T2-75,10230015,30103005,30103005,30103005,11330004,30103005,30103005,30103005,12130073,30105004,30105004,30105004,12230081,30108005,30108005,30108005,12430096,30104005,30104005,30104005,12530087,30101005,30101005,30101005,12630069,30109005,30109005,30109005,12330085,30101005,30101005,30101005,11930091,30107005,30107005,30107005,11830039,30106005,30106005,30106005,12030092,30103005,30103005,30103005,12030092,30103005,30103005,30103005
351,10123,术士,"","",0,30,0,2,4,30,25,11010037,30103002,-1,-1,11510029,30103002,-1,-1,12110007,30105002,-1,-1,12210039,30108002,-1,-1,12410134,30104002,-1,-1,12510090,30101002,-1,-1,12610093,30109002,-1,-1,12310097,30101002,-1,-1,11910002,30107002,-1,-1,-1,-1,-1,-1,12010040,30103002,-1,-1,12010040,30103002,-1,-1
352,10123,术士,[trans]robot_name_352,player_head_ka+player_head_zrss_a,13,50,0,3,6,50,50,11020040,30103003,30103003,-1,11520018,30103003,30103003,-1,12120053,30105003,30105003,-1,12220035,30108003,30108003,-1,12420065,30104003,30104003,-1,12520037,30101003,30101003,-1,12620032,30109003,30109003,-1,12320030,30101003,30101003,-1,11920026,30107003,30107003,-1,11820019,30106003,30106003,-1,12020045,30103003,30103003,-1,12020045,30103003,30103003,-1
353,10123,术士,[trans]robot_name_353,player_head_ka+player_head_zrss_a,13,60,0,4,7,60,T0-55-60,11020062,30103004,30103004,-1,11520027,30103004,30103004,-1,12120080,30105004,30105004,-1,12220050,30108004,30108004,-1,12420102,30104004,30104004,-1,12520040,30101004,30101004,-1,12620058,30109004,30109004,-1,12320047,30101004,30101004,-1,11920035,30107004,30107004,-1,11820054,30106004,30106004,-1,12020078,30103004,30103004,-1,12020078,30103004,30103004,-1
354,10123,术士,[trans]robot_name_354,player_head_ka+player_head_zrss_a,13,60,0,5,7,60,T2-75,11030026,30103005,30103005,30103005,11530007,30103005,30103005,30103005,12130058,30105005,30105005,30105005,12230065,30108005,30108005,30108005,12430081,30104005,30104005,30104005,12530073,30101005,30101005,30101005,12630056,30109005,30109005,30109005,12330072,30101005,30101005,30101005,11930077,30107005,30107005,30107005,11830035,30106005,30106005,30106005,12030078,30103005,30103005,30103005,12030078,30103005,30103005,30103005
361,10126,牧师,"","",0,30,0,2,4,30,25,10610038,30103002,-1,-1,11710019,30103002,-1,-1,12110007,30105002,-1,-1,12210039,30108002,-1,-1,12410134,30104002,-1,-1,12510090,30101002,-1,-1,12610097,30109002,-1,-1,12310097,30101002,-1,-1,11910008,30107002,-1,-1,-1,-1,-1,-1,12010046,30103002,-1,-1,12010046,30103002,-1,-1
362,10126,牧师,[trans]robot_name_362,player_head_ka+player_head_wlms_a,16,50,0,3,6,50,50,10620035,30103003,30103003,-1,11720022,30103003,30103003,-1,12120057,30105003,-1,-1,12220035,30108003,30108003,-1,12420062,30104003,30104003,-1,12520037,30101003,30101003,-1,12620039,30109003,30109003,-1,12320039,30101003,30101003,-1,11920031,30107003,30107003,-1,11820023,30106003,30106003,-1,12020044,30103003,30103003,-1,12020044,30103003,30103003,-1
363,10126,牧师,[trans]robot_name_363,player_head_ka+player_head_wlms_a,16,60,0,4,7,60,T0-55-60,10620043,30103004,30103004,-1,11720036,30103004,30103004,-1,12120098,30105003,30105003,-1,12220062,30108004,30108004,-1,12420122,30104004,30104004,-1,12520059,30101004,30101004,-1,12620075,30109004,30109004,-1,12320067,30101004,30101004,-1,11920048,30107004,30107004,-1,11820055,30106004,30106004,-1,12020064,30103004,30103004,-1,12020064,30103004,30103004,-1
364,10126,牧师,[trans]robot_name_364,player_head_ka+player_head_wlms_a,16,60,0,5,7,60,T2-75,10630017,30103005,30103005,30103005,11730007,30103005,30103005,30103005,12130076,30105004,30105004,30105004,12230084,30108005,30108005,30108005,12430099,30104005,30104005,30104005,12530089,30101005,30101005,30101005,12630072,30109005,30109005,30109005,12330087,30101005,30101005,30101005,11930093,30107005,30107005,30107005,11830039,30106005,30106005,30106005,12030094,30103005,30103005,30103005,12030094,30103005,30103005,30103005
371,10128,圣骑士,"","",0,30,0,2,4,30,25,10810042,30102002,-1,-1,11410060,30102002,-1,-1,12110013,30105002,-1,-1,12210042,30108002,-1,-1,12410136,30104002,-1,-1,12510079,30101002,-1,-1,12610100,30109002,-1,-1,12310097,30101002,-1,-1,11920002,30106002,-1,-1,-1,-1,-1,-1,12010039,30101002,-1,-1,12010039,30101002,-1,-1
372,10128,圣骑士,[trans]robot_name_372,player_head_ka+player_head_rlqs_a,19,50,0,3,6,50,50,10820031,30102003,30102003,-1,11420023,30102003,30102003,-1,12120047,30105003,30105003,-1,12220037,30108003,30108003,-1,12420067,30104003,30104003,-1,12520083,30101003,30101003,-1,12620035,30109003,30109003,-1,12320026,30101003,30101003,-1,11920030,30107003,30107003,-1,11820015,30106003,30106003,-1,12020043,30101003,30101003,-1,12020043,30101003,30101003,-1
373,10128,圣骑士,[trans]robot_name_373,player_head_ka+player_head_rlqs_a,19,60,0,4,7,60,T0-55-60,10820051,30102004,30102004,-1,11420032,30102004,30102004,-1,12120084,30105004,30105004,-1,12220051,30108004,30108004,-1,12420106,30104004,30104004,-1,12520082,30101004,30101004,-1,12620060,30109004,30109004,-1,12320050,30101004,30101004,-1,11920038,30107004,30107004,-1,11820041,30106004,30106004,-1,12020049,30101004,30101004,-1,12020049,30101004,30101004,-1
374,10128,圣骑士,[trans]robot_name_374,player_head_ka+player_head_rlqs_a,19,60,0,5,7,60,T2-75,10830018,30102005,30102005,30102005,11430014,30102005,30102005,30102005,12130063,30105005,30105005,30105005,12230071,30108005,30108005,30108005,12430087,30104005,30104005,30104005,12530077,30101005,30101005,30101005,12630060,30109005,30109005,30109005,12330076,30101005,30101005,30101005,11930082,30107005,30107005,30107005,11830036,30106005,30106005,30106005,12030082,30101005,30101005,30101005,12030082,30101005,30101005,30101005
381,10133,盗贼,"","",0,30,0,2,4,30,25,11010040,30102002,-1,-1,11010040,30102002,-1,-1,12110009,30105002,-1,-1,12210044,30108002,-1,-1,12410133,30104002,-1,-1,12510081,30101002,-1,-1,12610093,30109002,-1,-1,12310097,30101002,-1,-1,11910006,30107002,-1,-1,-1,-1,-1,-1,12010043,30102002,-1,-1,12010043,30102002,-1,-1
382,10133,盗贼,[trans]robot_name_382,player_head_ka+player_head_wldz_a,22,50,0,3,6,50,50,11020042,30102003,30102003,-1,11020042,30102003,30102003,-1,12120051,30105003,30105003,-1,12220040,30108003,30108003,-1,12420061,30104003,30104003,-1,12520051,30101003,30101003,-1,12620066,30109003,30109003,-1,12320024,30101003,30101003,-1,11920029,30107003,30107003,-1,11820021,30106003,30106003,-1,12020040,30102003,30102003,-1,12020040,30102003,30102003,-1
383,10133,盗贼,[trans]robot_name_383,player_head_ka+player_head_wldz_a,22,60,0,4,7,60,T0-55-60,11020064,30102004,30102004,-1,11020064,30102004,30102004,-1,12120089,30105004,30105004,-1,12220058,30108004,30108004,-1,12420116,30104004,30104004,-1,12520054,30101004,30101004,-1,12620067,30109004,30109004,-1,12320056,30101004,30101004,-1,11920044,30107004,30107004,-1,11820021,30106004,30106004,-1,12020055,30102004,30102004,-1,12020055,30102004,30102004,-1
384,10133,盗贼,[trans]robot_name_384,player_head_ka+player_head_wldz_a,22,60,0,5,7,60,T2-75,11030022,30102005,30102005,30102005,11030022,30102005,30102005,30102005,12130071,30105005,30105005,30105005,12230078,30108005,30108005,30108005,12430094,30104005,30104005,30104005,12530085,30101005,30101005,30101005,12630067,30109005,30109005,30109005,12330083,30101005,30101005,30101005,11930088,30107005,30107005,30107005,11830046,30106005,30106005,30106005,12030089,30102005,30102005,30102005,12030089,30102005,30102005,30102005
5,10001,美屡,"","",0,60,0,5,7,60,T3-90,10530012,30102006,30102006,30102006,11230001,30102006,30102006,30102006,12130113,30105006,30105006,30105006,12230121,30108006,30108006,30108006,12430142,30104006,30104006,30104006,12530130,30101006,30101006,30101006,12630108,30109006,30109006,30109006,12330107,30101006,30101006,30101006,11930118,30107006,30107006,30107006,11830065,30106006,30106006,30106006,12030126,30102006,30102006,30102006,12030143,30102006,30102006,30102006
15,10002,哀木涕,"","",0,60,0,5,7,60,T3-90,11030033,30102006,30102006,30102006,11430015,30102006,30102006,30102006,12130110,30105006,30105006,30105006,12230118,30108006,30108006,30108006,12430139,30104006,30104006,30104006,12530127,30101006,30101006,30101006,12630105,30109006,30109006,30109006,12330104,30101006,30101006,30101006,11930113,30107006,30107006,30107006,11830063,30106006,30106006,30106006,12030122,30101006,30101006,30101006,12030139,30101006,30101006,30101006
25,10003,兽战,"","",0,60,0,5,7,60,T3-90,11030034,30102006,30102006,30102006,10830019,30102006,30102006,30102006,12130112,30105006,30105006,30105006,12230120,30108006,30108006,30108006,12430141,30104006,30104006,30104006,12530129,30101006,30101006,30101006,12630107,30109006,30109006,30109006,12330106,30101006,30101006,30101006,11930116,30107006,30107006,30107006,11830065,30106006,30106006,30106006,12030124,30102006,30102006,30102006,12030141,30102006,30102006,30102006
35,10004,会长,"","",0,60,0,5,7,60,T3-90,10330019,30102006,30102006,30102006,11630001,30102006,30102006,30102006,12130112,30105006,30105006,30105006,12230120,30108006,30108006,30108006,12430141,30104006,30104006,30104006,12530129,30101006,30101006,30101006,12630107,30109006,30109006,30109006,12330106,30101006,30101006,30101006,11930116,30107006,30107006,30107006,11830065,30106006,30106006,30106006,12030124,30102006,30102006,30102006,12030141,30102006,30102006,30102006
45,10005,暗夜男,"","",0,60,0,5,7,60,T3-90,10330019,30102006,30102006,30102006,11630001,30102006,30102006,30102006,12130112,30105006,30105006,30105006,12230120,30108006,30108006,30108006,12430141,30104006,30104006,30104006,12530129,30101006,30101006,30101006,12630107,30109006,30109006,30109006,12330106,30101006,30101006,30101006,11930116,30107006,30107006,30107006,11830065,30106006,30106006,30106006,12030124,30102006,30102006,30102006,12030141,30102006,30102006,30102006
55,10006,沉鱼,"","",0,60,0,5,7,60,T3-90,10330019,30102006,30102006,30102006,11630001,30102006,30102006,30102006,12130112,30105006,30105006,30105006,12230120,30108006,30108006,30108006,12430141,30104006,30104006,30104006,12530129,30101006,30101006,30101006,12630107,30109006,30109006,30109006,12330106,30101006,30101006,30101006,11930116,30107006,30107006,30107006,11830065,30106006,30106006,30106006,12030124,30102006,30102006,30102006,12030141,30102006,30102006,30102006
65,10007,桶牛,"","",0,60,0,5,7,60,T3-90,10330019,30102006,30102006,30102006,11630001,30102006,30102006,30102006,12130112,30105006,30105006,30105006,12230120,30108006,30108006,30108006,12430141,30104006,30104006,30104006,12530129,30101006,30101006,30101006,12630107,30109006,30109006,30109006,12330106,30101006,30101006,30101006,11930116,30107006,30107006,30107006,11830065,30106006,30106006,30106006,12030124,30102006,30102006,30102006,12030141,30102006,30102006,30102006
75,10008,地中海,"","",0,60,0,5,7,60,T3-90,11030033,30102006,30102006,30102006,11430015,30102006,30102006,30102006,12130110,30105006,30105006,30105006,12230118,30108006,30108006,30108006,12430139,30104006,30104006,30104006,12530127,30101006,30101006,30101006,12630105,30109006,30109006,30109006,12330104,30101006,30101006,30101006,11930113,30107006,30107006,30107006,11830063,30106006,30106006,30106006,12030122,30101006,30101006,30101006,12030139,30101006,30101006,30101006
85,10009,傻馒,"","",0,60,0,5,7,60,T3-90,10830028,30103006,30103006,30103006,11530007,30103006,30103006,30103006,12130105,30105006,30105006,30105006,12230114,30108006,30108006,30108006,12430135,30104006,30104006,30104006,12530123,30101006,30101006,30101006,12630101,30109006,30109006,30109006,12330100,30101006,30101006,30101006,11930109,30107006,30107006,30107006,11830062,30106006,30106006,30106006,12030118,30103006,30103006,30103006,12030135,30103006,30103006,30103006
95,10010,炮姐,"","",0,60,0,5,7,60,T3-90,10830027,30102006,30102006,30102006,10930028,30102006,30102006,30102006,12130116,30105006,30105006,30105006,12230124,30108006,30108006,30108006,12430145,30104006,30104006,30104006,12530133,30101006,30101006,30101006,12630111,30109006,30109006,30109006,12330111,30101006,30101006,30101006,11930121,30107006,30107006,30107006,11830065,30106006,30106006,30106006,12030129,30102006,30102006,30102006,12030142,30102006,30102006,30102006
105,10012,冬,"","",0,60,0,5,7,60,T3-90,10430016,30102006,30102006,30102006,11130002,30102006,30102006,30102006,12130113,30105006,30105006,30105006,12230121,30108006,30108006,30108006,12430142,30104006,30104006,30104006,12530130,30101006,30101006,30101006,12630108,30109006,30109006,30109006,12330107,30101006,30101006,30101006,11930118,30107006,30107006,30107006,11830065,30106006,30106006,30106006,12030126,30102006,30102006,30102006,12030143,30102006,30102006,30102006
115,10013,劣人,"","",0,60,0,5,7,60,T3-90,10430016,30102006,30102006,30102006,11130002,30102006,30102006,30102006,12130113,30105006,30105006,30105006,12230121,30108006,30108006,30108006,12430142,30104006,30104006,30104006,12530130,30101006,30101006,30101006,12630108,30109006,30109006,30109006,12330107,30101006,30101006,30101006,11930118,30107006,30107006,30107006,11830065,30106006,30106006,30106006,12030126,30102006,30102006,30102006,12030143,30102006,30102006,30102006
125,10014,方砖,"","",0,60,0,5,7,60,T3-90,10630026,30103006,30103006,30103006,11530007,30103006,30103006,30103006,12130104,30105006,30105006,30105006,12230113,30108006,30108006,30108006,12430134,30104006,30104006,30104006,12530122,30101006,30101006,30101006,12630100,30109006,30109006,30109006,12330099,30101006,30101006,30101006,11930108,30107006,30107006,30107006,11830062,30106006,30106006,30106006,12030117,30103006,30103006,30103006,12030134,30103006,30103006,30103006
135,10015,五火教主,"","",0,60,0,5,7,60,T3-90,10630026,30103006,30103006,30103006,11530007,30103006,30103006,30103006,12130104,30105006,30105006,30105006,12230113,30108006,30108006,30108006,12430134,30104006,30104006,30104006,12530122,30101006,30101006,30101006,12630100,30109006,30109006,30109006,12330099,30101006,30101006,30101006,11930108,30107006,30107006,30107006,11830062,30106006,30106006,30106006,12030117,30103006,30103006,30103006,12030134,30103006,30103006,30103006
145,10016,羞花,"","",0,60,0,5,7,60,T3-90,10630026,30103006,30103006,30103006,11530007,30103006,30103006,30103006,12130104,30105006,30105006,30105006,12230113,30108006,30108006,30108006,12430134,30104006,30104006,30104006,12530122,30101006,30101006,30101006,12630100,30109006,30109006,30109006,12330099,30101006,30101006,30101006,11930108,30107006,30107006,30107006,11830062,30106006,30106006,30106006,12030117,30103006,30103006,30103006,12030134,30103006,30103006,30103006
155,10017,法丝,"","",0,60,0,5,7,60,T3-90,10630026,30103006,30103006,30103006,11530007,30103006,30103006,30103006,12130104,30105006,30105006,30105006,12230113,30108006,30108006,30108006,12430134,30104006,30104006,30104006,12530122,30101006,30101006,30101006,12630100,30109006,30109006,30109006,12330099,30101006,30101006,30101006,11930108,30107006,30107006,30107006,11830062,30106006,30106006,30106006,12030117,30103006,30103006,30103006,12030134,30103006,30103006,30103006
165,10018,女德,"","",0,60,0,5,7,60,T3-90,10630028,30102006,30102006,30102006,11330005,30102006,30102006,30102006,12130115,30105006,30105006,30105006,12230123,30108006,30108006,30108006,12430144,30104006,30104006,30104006,12530132,30101006,30101006,30101006,12630110,30109006,30109006,30109006,12330110,30101006,30101006,30101006,11930120,30107006,30107006,30107006,11830065,30106006,30106006,30106006,12030128,30102006,30102006,30102006,12030145,30102006,30102006,30102006
175,10019,神棍德,"","",0,60,0,5,7,60,T3-90,10630029,30102006,30102006,30102006,11330006,30102006,30102006,30102006,12130117,30105006,30105006,30105006,12230125,30108006,30108006,30108006,12430146,30104006,30104006,30104006,12530134,30101006,30101006,30101006,12630112,30109006,30109006,30109006,12330112,30101006,30101006,30101006,11930122,30107006,30107006,30107006,11830063,30106006,30106006,30106006,12030130,30101006,30101006,30101006,12030146,30101006,30101006,30101006
185,10020,花花,"","",0,60,0,5,7,60,T3-90,10630027,30103006,30103006,30103006,11330007,30103006,30103006,30103006,12130119,30105006,30105006,30105006,12230127,30108006,30108006,30108006,12430148,30104006,30104006,30104006,12530137,30101006,30101006,30101006,12630114,30109006,30109006,30109006,12330115,30101006,30101006,30101006,11930125,30107006,30107006,30107006,11830066,30106006,30106006,30106006,12030132,30103006,30103006,30103006,12030148,30103006,30103006,30103006
195,10023,娇花,"","",0,60,0,5,7,60,T3-90,10630026,30103006,30103006,30103006,11530007,30103006,30103006,30103006,12130106,30105006,30105006,30105006,12230115,30108006,30108006,30108006,12430136,30104006,30104006,30104006,12530124,30101006,30101006,30101006,12630102,30109006,30109006,30109006,12330101,30101006,30101006,30101006,11930110,30107006,30107006,30107006,11830062,30106006,30106006,30106006,12030119,30103006,30103006,30103006,12030136,30103006,30103006,30103006
205,10026,沐丝,"","",0,60,0,5,7,60,T3-90,10630027,30103006,30103006,30103006,11530008,30103006,30103006,30103006,12130120,30105006,30105006,30105006,12230128,30108006,30108006,30108006,12430149,30104006,30104006,30104006,12530138,30101006,30101006,30101006,12630115,30109006,30109006,30109006,12330116,30101006,30101006,30101006,11930126,30107006,30107006,30107006,11830066,30106006,30106006,30106006,12030133,30103006,30103006,30103006,12030149,30103006,30103006,30103006
215,10027,闭月,"","",0,60,0,5,7,60,T3-90,10630026,30103006,30103006,30103006,11530007,30103006,30103006,30103006,12130107,30105006,30105006,30105006,12230116,30108006,30108006,30108006,12430137,30104006,30104006,30104006,12530125,30101006,30101006,30101006,12630103,30109006,30109006,30109006,12330102,30101006,30101006,30101006,11930111,30107006,30107006,30107006,11830062,30106006,30106006,30106006,12030120,30103006,30103006,30103006,12030137,30103006,30103006,30103006
225,10028,大小姐,"","",0,60,0,5,7,60,T3-90,10830029,30103006,30103006,30103006,11530008,30103006,30103006,30103006,12130118,30105006,30105006,30105006,12230126,30108006,30108006,30108006,12430147,30104006,30104006,30104006,12530136,30101006,30101006,30101006,12630113,30109006,30109006,30109006,12330114,30101006,30101006,30101006,11930124,30107006,30107006,30107006,11830066,30106006,30106006,30106006,12030131,30103006,30103006,30103006,12030147,30103006,30103006,30103006
235,10029,圣光棍棍,"","",0,60,0,5,7,60,T3-90,11030033,30102006,30102006,30102006,11430014,30102006,30102006,30102006,12130109,30105006,30105006,30105006,12230117,30108006,30108006,30108006,12430138,30104006,30104006,30104006,12530126,30101006,30101006,30101006,12630104,30109006,30109006,30109006,12330103,30101006,30101006,30101006,11930112,30107006,30107006,30107006,11830063,30106006,30106006,30106006,12030121,30101006,30101006,30101006,12030138,30101006,30101006,30101006
245,10030,大大姐,"","",0,60,0,5,7,60,T3-90,10330019,30102006,30102006,30102006,11630001,30102006,30102006,30102006,12130111,30105006,30105006,30105006,12230119,30108006,30108006,30108006,12430140,30104006,30104006,30104006,12530128,30101006,30101006,30101006,12630106,30109006,30109006,30109006,12330105,30101006,30101006,30101006,11930115,30107006,30107006,30107006,11830065,30106006,30106006,30106006,12030123,30102006,30102006,30102006,12030140,30102006,30102006,30102006
255,10031,老相好,"","",0,60,0,5,7,60,T3-90,10330019,30102006,30102006,30102006,11630001,30102006,30102006,30102006,12130111,30105006,30105006,30105006,12230119,30108006,30108006,30108006,12430140,30104006,30104006,30104006,12530128,30101006,30101006,30101006,12630106,30109006,30109006,30109006,12330105,30101006,30101006,30101006,11930115,30107006,30107006,30107006,11830065,30106006,30106006,30106006,12030123,30102006,30102006,30102006,12030140,30102006,30102006,30102006
265,10032,女贼,"","",0,60,0,5,7,60,T3-90,11030035,30102006,30102006,30102006,10930028,30102006,30102006,30102006,12130114,30105006,30105006,30105006,12230122,30108006,30108006,30108006,12430143,30104006,30104006,30104006,12530131,30101006,30101006,30101006,12630109,30109006,30109006,30109006,12330109,30101006,30101006,30101006,11930119,30107006,30107006,30107006,11830065,30106006,30106006,30106006,12030127,30102006,30102006,30102006,12030144,30102006,30102006,30102006
275,10033,呆贼,"","",0,60,0,5,7,60,T3-90,11030035,30102006,30102006,30102006,10930028,30102006,30102006,30102006,12130114,30105006,30105006,30105006,12230122,30108006,30108006,30108006,12430143,30104006,30104006,30104006,12530131,30101006,30101006,30101006,12630109,30109006,30109006,30109006,12330109,30101006,30101006,30101006,11930119,30107006,30107006,30107006,11830065,30106006,30106006,30106006,12030127,30102006,30102006,30102006,12030144,30102006,30102006,30102006
285,10034,落雁,"","",0,60,0,5,7,60,T3-90,11030035,30102006,30102006,30102006,10930028,30102006,30102006,30102006,12130114,30105006,30105006,30105006,12230122,30108006,30108006,30108006,12430143,30104006,30104006,30104006,12530131,30101006,30101006,30101006,12630109,30109006,30109006,30109006,12330109,30101006,30101006,30101006,11930119,30107006,30107006,30107006,11830065,30106006,30106006,30106006,12030127,30102006,30102006,30102006,12030144,30102006,30102006,30102006
295,10035,三颤,"","",0,60,0,5,7,60,T3-90,11030035,30102006,30102006,30102006,10930028,30102006,30102006,30102006,12130114,30105006,30105006,30105006,12230122,30108006,30108006,30108006,12430143,30104006,30104006,30104006,12530131,30101006,30101006,30101006,12630109,30109006,30109006,30109006,12330109,30101006,30101006,30101006,11930119,30107006,30107006,30107006,11830065,30106006,30106006,30106006,12030127,30102006,30102006,30102006,12030144,30102006,30102006,30102006
305,10102,战士,"","",0,60,0,5,7,60,T3-90,11030033,30102006,30102006,30102006,11430015,30102006,30102006,30102006,12130110,30105006,30105006,30105006,12230118,30108006,30108006,30108006,12430139,30104006,30104006,30104006,12530127,30101006,30101006,30101006,12630105,30109006,30109006,30109006,12330104,30101006,30101006,30101006,11930113,30107006,30107006,30107006,11830063,30106006,30106006,30106006,12030122,30101006,30101006,30101006,12030139,30101006,30101006,30101006
315,10109,萨满,"","",0,60,0,5,7,60,T3-90,10830028,30103006,30103006,30103006,11530007,30103006,30103006,30103006,12130105,30105006,30105006,30105006,12230114,30108006,30108006,30108006,12430135,30104006,30104006,30104006,12530123,30101006,30101006,30101006,12630101,30109006,30109006,30109006,12330100,30101006,30101006,30101006,11930109,30107006,30107006,30107006,11830062,30106006,30106006,30106006,12030118,30103006,30103006,30103006,12030135,30103006,30103006,30103006
325,10113,猎人,"","",0,60,0,5,7,60,T3-90,10430016,30102006,30102006,30102006,11130002,30102006,30102006,30102006,12130113,30105006,30105006,30105006,12230121,30108006,30108006,30108006,12430142,30104006,30104006,30104006,12530130,30101006,30101006,30101006,12630108,30109006,30109006,30109006,12330107,30101006,30101006,30101006,11930118,30107006,30107006,30107006,11830065,30106006,30106006,30106006,12030126,30102006,30102006,30102006,12030143,30102006,30102006,30102006
335,10114,法师,"","",0,60,0,5,7,60,T3-90,10630026,30103006,30103006,30103006,11530007,30103006,30103006,30103006,12130104,30105006,30105006,30105006,12230113,30108006,30108006,30108006,12430134,30104006,30104006,30104006,12530122,30101006,30101006,30101006,12630100,30109006,30109006,30109006,12330099,30101006,30101006,30101006,11930108,30107006,30107006,30107006,11830062,30106006,30106006,30106006,12030117,30103006,30103006,30103006,12030134,30103006,30103006,30103006
345,10119,德鲁伊,"","",0,60,0,5,7,60,T3-90,10630027,30103006,30103006,30103006,11330007,30103006,30103006,30103006,12130119,30105006,30105006,30105006,12230127,30108006,30108006,30108006,12430148,30104006,30104006,30104006,12530137,30101006,30101006,30101006,12630114,30109006,30109006,30109006,12330115,30101006,30101006,30101006,11930125,30107006,30107006,30107006,11830066,30106006,30106006,30106006,12030132,30103006,30103006,30103006,12030148,30103006,30103006,30103006
355,10123,术士,"","",0,60,0,5,7,60,T3-90,10630026,30103006,30103006,30103006,11530007,30103006,30103006,30103006,12130106,30105006,30105006,30105006,12230115,30108006,30108006,30108006,12430136,30104006,30104006,30104006,12530124,30101006,30101006,30101006,12630102,30109006,30109006,30109006,12330101,30101006,30101006,30101006,11930110,30107006,30107006,30107006,11830062,30106006,30106006,30106006,12030119,30103006,30103006,30103006,12030136,30103006,30103006,30103006
365,10126,牧师,"","",0,60,0,5,7,60,T3-90,10630027,30103006,30103006,30103006,11530008,30103006,30103006,30103006,12130120,30105006,30105006,30105006,12230128,30108006,30108006,30108006,12430149,30104006,30104006,30104006,12530138,30101006,30101006,30101006,12630115,30109006,30109006,30109006,12330116,30101006,30101006,30101006,11930126,30107006,30107006,30107006,11830066,30106006,30106006,30106006,12030133,30103006,30103006,30103006,12030149,30103006,30103006,30103006
375,10128,圣骑士,"","",0,60,0,5,7,60,T3-90,11030033,30102006,30102006,30102006,11430014,30102006,30102006,30102006,12130109,30105006,30105006,30105006,12230117,30108006,30108006,30108006,12430138,30104006,30104006,30104006,12530126,30101006,30101006,30101006,12630104,30109006,30109006,30109006,12330103,30101006,30101006,30101006,11930112,30107006,30107006,30107006,11830063,30106006,30106006,30106006,12030121,30101006,30101006,30101006,12030138,30101006,30101006,30101006
385,10133,盗贼,"","",0,60,0,5,7,60,T3-90,11030035,30102006,30102006,30102006,10930028,30102006,30102006,30102006,12130114,30105006,30105006,30105006,12230122,30108006,30108006,30108006,12430143,30104006,30104006,30104006,12530131,30101006,30101006,30101006,12630109,30109006,30109006,30109006,12330109,30101006,30101006,30101006,11930119,30107006,30107006,30107006,11830065,30106006,30106006,30106006,12030127,30102006,30102006,30102006,12030144,30102006,30102006,30102006

